Date,Publisher,Identifiers,Accrual Campaign Name,Device,Concept Name,Geo,Metro/Non Metro,Platform,Section,Ad Unit,Targeting,Deal Type,Impressions,Clicks,Engagements,Reach,Views,25% Views,50% Views,75% Views,100% Views,Spends
2023-10-08,Cheggout,Sale,Jupiter Beauty,,CEPC/Electronics-NTA,"18-45 MF, Pan India",,,,,,,2265165.0,5524.0,nan,nan,nan,nan,nan,nan,nan,169887.375
2023-10-08,Cheggout,Sale,Jupiter Beauty,,Media NTA,"18-45 MF, Pan India",,,,,,,2625960.0,8541.0,nan,nan,nan,nan,nan,nan,nan,196947.0
2023-10-09,Cheggout,Sale,Jupiter Beauty,,CEPC/Electronics-NTA,"18-45 MF, Pan India",,,,,,,16694.0,3151.0,nan,nan,nan,nan,nan,nan,nan,1252.0
2023-10-09,Cheggout,Sale,Jupiter Beauty,,Media NTA,"18-45 MF, Pan India",,,,,,,1652510.0,4906.0,nan,nan,nan,nan,nan,nan,nan,123938.0
2023-10-09,Cheggout,Sale,Jupiter Beauty,,Home & Kitchen-NTA,"18-45 MF, Pan India",,,,,,,2156561.0,3062.0,nan,nan,nan,nan,nan,nan,nan,161742.0
2023-10-09,Cheggout,Sale,Jupiter Beauty,,Wireless/Mobile -NTA,"18-45 MF, Pan India",,,,,,,712201.0,2875.0,nan,nan,nan,nan,nan,nan,nan,53415.0
2023-10-09,Cheggout,Sale,Jupiter Beauty,,Large Appliances/TV-OPS,"18-45 MF, Pan India",,,,,,,27166.0,402.0,nan,nan,nan,nan,nan,nan,nan,2037.0
2023-10-09,Cheggout,Sale,Jupiter Beauty,,OPS - LA WM,"18-45 MF, Pan India",,,,,,,4626.0,749.0,nan,nan,nan,nan,nan,nan,nan,347.0
2023-10-08,cricinfo,Sale,Jupiter Beauty,,OPS_WL,Pan India,,,,,,,28570.0,108.0,nan,nan,nan,nan,nan,nan,nan,1714.2
2023-10-08,cricinfo,Sale,Jupiter Beauty,,NTA_FASHION,Pan India,,,,,,,28595.0,98.0,nan,nan,nan,nan,nan,nan,nan,1715.7
2023-10-08,cricinfo,Sale,Jupiter Beauty,,NTA_Media,Pan India,,,,,,,11615.0,17.0,nan,nan,nan,nan,nan,nan,nan,696.9
2023-10-08,cricinfo,Sale,Jupiter Beauty,,OPS_CEPC,Pan India,,,,,,,11889.0,21.0,nan,nan,nan,nan,nan,nan,nan,713.34
2023-10-08,cricinfo,Sale,Jupiter Beauty,,NTA_Media,Pan India,,,,,,,2737.0,88.0,nan,nan,nan,nan,nan,nan,nan,164.22
2023-10-08,cricinfo,Sale,Jupiter Beauty,,NTA_Media,Pan India,,,,,,,1380.0,47.0,nan,nan,nan,nan,nan,nan,nan,82.8
2023-10-08,cricinfo,Sale,Jupiter Beauty,,NTA_FASHION,Pan India,,,,,,,3336.0,123.0,nan,nan,nan,nan,nan,nan,nan,200.16
2023-10-08,cricinfo,Sale,Jupiter Beauty,,OPS_WL,Pan India,,,,,,,3277.0,114.0,nan,nan,nan,nan,nan,nan,nan,196.62
2023-10-08,cricinfo,Sale,Jupiter Beauty,,OPS_CEPC,Pan India,,,,,,,2745.0,80.0,nan,nan,nan,nan,nan,nan,nan,164.7
2023-10-08,cricinfo,Sale,Jupiter Beauty,,NTA_Media,Pan India,,,,,,,36242.0,1604.0,nan,nan,nan,nan,nan,nan,nan,2174.52
2023-10-08,cricinfo,Sale,Jupiter Beauty,,NTA_FASHION,Pan India,,,,,,,73842.0,2868.0,nan,nan,nan,nan,nan,nan,nan,4430.52
2023-10-08,cricinfo,Sale,Jupiter Beauty,,OPS_CEPC,Pan India,,,,,,,36029.0,1647.0,nan,nan,nan,nan,nan,nan,nan,2161.74
2023-10-08,cricinfo,Sale,Jupiter Beauty,,OPS_WL,Pan India,,,,,,,74001.0,2776.0,nan,nan,nan,nan,nan,nan,nan,4440.06
2023-10-08,cricinfo,Sale,Jupiter Beauty,,NTA_Media,Pan India,,,,,,,8028.0,254.0,nan,nan,nan,nan,nan,nan,nan,481.68
2023-10-08,cricinfo,Sale,Jupiter Beauty,,NTA_Media,Pan India,,,,,,,4314.0,80.0,nan,nan,nan,nan,nan,nan,nan,258.84
2023-10-08,cricinfo,Sale,Jupiter Beauty,,NTA_FASHION,Pan India,,,,,,,29984.0,921.0,nan,nan,nan,nan,nan,nan,nan,1799.04
2023-10-08,cricinfo,Sale,Jupiter Beauty,,OPS_CEPC,Pan India,,,,,,,8096.0,241.0,nan,nan,nan,nan,nan,nan,nan,485.76
2023-10-08,cricinfo,Sale,Jupiter Beauty,,OPS_WL,Pan India,,,,,,,30312.0,871.0,nan,nan,nan,nan,nan,nan,nan,1818.72
2023-10-08,cricinfo,Sale,Jupiter Beauty,,OPS_WL,Pan India,,,,,,,430475.0,790.0,nan,nan,nan,nan,nan,nan,nan,25828.5
2023-10-08,cricinfo,Sale,Jupiter Beauty,,OPS_WL,Pan India,,,,,,,1134886.0,405.0,nan,nan,nan,nan,nan,nan,nan,68093.16
2023-10-08,cricinfo,Sale,Jupiter Beauty,,OPS_WL,Pan India,,,,,,,26862.0,105.0,nan,nan,nan,nan,nan,nan,nan,1611.72
2023-10-08,cricinfo,Sale,Jupiter Beauty,,NTA_Media,Pan India,,,,,,,634647.0,294.0,nan,nan,nan,nan,nan,nan,nan,38078.82
2023-10-08,cricinfo,Sale,Jupiter Beauty,,NTA_Media,Pan India,,,,,,,236569.0,534.0,nan,nan,nan,nan,nan,nan,nan,14194.14
2023-10-08,cricinfo,Sale,Jupiter Beauty,,NTA_Media,Pan India,,,,,,,413208.0,45.0,nan,nan,nan,nan,nan,nan,nan,24792.48
2023-10-08,cricinfo,Sale,Jupiter Beauty,,NTA_Media,Pan India,,,,,,,371937.0,687.0,nan,nan,nan,nan,nan,nan,nan,22316.22
2023-10-08,cricinfo,Sale,Jupiter Beauty,,NTA_FASHION,Pan India,,,,,,,1137324.0,407.0,nan,nan,nan,nan,nan,nan,nan,68239.44
2023-10-08,cricinfo,Sale,Jupiter Beauty,,NTA_FASHION,Pan India,,,,,,,430967.0,796.0,nan,nan,nan,nan,nan,nan,nan,25858.02
2023-10-08,cricinfo,Sale,Jupiter Beauty,,NTA_FASHION,Pan India,,,,,,,26897.0,97.0,nan,nan,nan,nan,nan,nan,nan,1613.82
2023-10-08,cricinfo,Sale,Jupiter Beauty,,NTA_Media,Pan India,,,,,,,12153.0,19.0,nan,nan,nan,nan,nan,nan,nan,729.18
2023-10-08,cricinfo,Sale,Jupiter Beauty,,OPS_CEPC,Pan India,,,,,,,12174.0,14.0,nan,nan,nan,nan,nan,nan,nan,730.44
2023-10-08,cricinfo,Sale,Jupiter Beauty,,OPS_CEPC,Pan India,,,,,,,236466.0,503.0,nan,nan,nan,nan,nan,nan,nan,14187.96
2023-10-08,cricinfo,Sale,Jupiter Beauty,,OPS_CEPC,Pan India,,,,,,,633156.0,216.0,nan,nan,nan,nan,nan,nan,nan,37989.36
2023-10-08,cricinfo,Sale,Jupiter Beauty,,NTA_Media,Pan India,,,,,,,165895.0,304.0,nan,nan,nan,nan,nan,nan,nan,9953.7
2023-10-08,cricinfo,Sale,Jupiter Beauty,,NTA_Media,Pan India,,,,,,,11406.0,370.0,nan,nan,nan,nan,nan,nan,nan,684.36
2023-10-08,cricinfo,Sale,Jupiter Beauty,,NTA_FASHION,Pan India,,,,,,,13556.0,478.0,nan,nan,nan,nan,nan,nan,nan,813.36
2023-10-08,cricinfo,Sale,Jupiter Beauty,,OPS_WL,Pan India,,,,,,,13401.0,431.0,nan,nan,nan,nan,nan,nan,nan,804.06
2023-10-08,cricinfo,Sale,Jupiter Beauty,,OPS_CEPC,Pan India,,,,,,,11649.0,407.0,nan,nan,nan,nan,nan,nan,nan,698.94
2023-10-08,cricinfo,Sale,Jupiter Beauty,,OPS_WL,Pan India,,,,,,,497799.0,922.0,nan,nan,nan,nan,nan,nan,nan,29867.94
2023-10-08,cricinfo,Sale,Jupiter Beauty,,OPS_WL,Pan India,,,,,,,1229876.0,492.0,nan,nan,nan,nan,nan,nan,nan,73792.56
2023-10-08,cricinfo,Sale,Jupiter Beauty,,OPS_WL,Pan India,,,,,,,83652.0,382.0,nan,nan,nan,nan,nan,nan,nan,5019.12
2023-10-08,cricinfo,Sale,Jupiter Beauty,,NTA_Media,Pan India,,,,,,,598666.0,268.0,nan,nan,nan,nan,nan,nan,nan,35919.96
2023-10-08,cricinfo,Sale,Jupiter Beauty,,NTA_Media,Pan India,,,,,,,243134.0,567.0,nan,nan,nan,nan,nan,nan,nan,14588.04
2023-10-08,cricinfo,Sale,Jupiter Beauty,,NTA_FASHION,Pan India,,,,,,,1235939.0,464.0,nan,nan,nan,nan,nan,nan,nan,74156.34
2023-10-08,cricinfo,Sale,Jupiter Beauty,,NTA_FASHION,Pan India,,,,,,,499491.0,902.0,nan,nan,nan,nan,nan,nan,nan,29969.46
2023-10-08,cricinfo,Sale,Jupiter Beauty,,NTA_FASHION,Pan India,,,,,,,83958.0,372.0,nan,nan,nan,nan,nan,nan,nan,5037.48
2023-10-08,cricinfo,Sale,Jupiter Beauty,,NTA_Media,Pan India,,,,,,,19267.0,21.0,nan,nan,nan,nan,nan,nan,nan,1156.02
2023-10-08,cricinfo,Sale,Jupiter Beauty,,OPS_CEPC,Pan India,,,,,,,19172.0,21.0,nan,nan,nan,nan,nan,nan,nan,1150.32
2023-10-08,cricinfo,Sale,Jupiter Beauty,,OPS_CEPC,Pan India,,,,,,,242820.0,483.0,nan,nan,nan,nan,nan,nan,nan,14569.2
2023-10-08,cricinfo,Sale,Jupiter Beauty,,OPS_CEPC,Pan India,,,,,,,594332.0,223.0,nan,nan,nan,nan,nan,nan,nan,35659.92
2023-10-09,cricinfo,Sale,Jupiter Beauty,,NTA_Media,Pan India,,,,,,,8805.0,39.0,nan,nan,nan,nan,nan,nan,nan,528.3
2023-10-09,cricinfo,Sale,Jupiter Beauty,,NTA_FASHION,Pan India,,,,,,,8855.0,25.0,nan,nan,nan,nan,nan,nan,nan,531.3
2023-10-09,cricinfo,Sale,Jupiter Beauty,,NTA_OHL,Pan India,,,,,,,8626.0,47.0,nan,nan,nan,nan,nan,nan,nan,517.56
2023-10-09,cricinfo,Sale,Jupiter Beauty,,OPS_CEPC,Pan India,,,,,,,8781.0,26.0,nan,nan,nan,nan,nan,nan,nan,526.86
2023-10-09,cricinfo,Sale,Jupiter Beauty,,NTA_Media,Pan India,,,,,,,5574.0,198.0,nan,nan,nan,nan,nan,nan,nan,334.44
2023-10-09,cricinfo,Sale,Jupiter Beauty,,NTA_FASHION,Pan India,,,,,,,5531.0,170.0,nan,nan,nan,nan,nan,nan,nan,331.86
2023-10-09,cricinfo,Sale,Jupiter Beauty,,NTA_OHL,Pan India,,,,,,,5623.0,176.0,nan,nan,nan,nan,nan,nan,nan,337.38
2023-10-09,cricinfo,Sale,Jupiter Beauty,,OPS_WL,Pan India,,,,,,,362.0,16.0,nan,nan,nan,nan,nan,nan,nan,21.72
2023-10-09,cricinfo,Sale,Jupiter Beauty,,OPS_WL,Pan India,,,,,,,1531.0,50.0,nan,nan,nan,nan,nan,nan,nan,91.86
2023-10-09,cricinfo,Sale,Jupiter Beauty,,OPS_CEPC,Pan India,,,,,,,5522.0,186.0,nan,nan,nan,nan,nan,nan,nan,331.32
2023-10-09,cricinfo,Sale,Jupiter Beauty,,NTA_Media,Pan India,,,,,,,40382.0,1306.0,nan,nan,nan,nan,nan,nan,nan,2422.92
2023-10-09,cricinfo,Sale,Jupiter Beauty,,NTA_FASHION,Pan India,,,,,,,39826.0,1247.0,nan,nan,nan,nan,nan,nan,nan,2389.56
2023-10-09,cricinfo,Sale,Jupiter Beauty,,OPS_CEPC,Pan India,,,,,,,39889.0,1311.0,nan,nan,nan,nan,nan,nan,nan,2393.34
2023-10-09,cricinfo,Sale,Jupiter Beauty,,OPS_WL,Pan India,,,,,,,13608.0,464.0,nan,nan,nan,nan,nan,nan,nan,816.48
2023-10-09,cricinfo,Sale,Jupiter Beauty,,NTA_OHL,Pan India,,,,,,,40210.0,1365.0,nan,nan,nan,nan,nan,nan,nan,2412.6
2023-10-09,cricinfo,Sale,Jupiter Beauty,,OPS_WL,Pan India,,,,,,,13335.0,365.0,nan,nan,nan,nan,nan,nan,nan,800.1
2023-10-09,cricinfo,Sale,Jupiter Beauty,,NTA_Media,Pan India,,,,,,,573285.0,96.0,nan,nan,nan,nan,nan,nan,nan,34397.1
2023-10-09,cricinfo,Sale,Jupiter Beauty,,NTA_Media,Pan India,,,,,,,462869.0,884.0,nan,nan,nan,nan,nan,nan,nan,27772.14
2023-10-09,cricinfo,Sale,Jupiter Beauty,,NTA_FASHION,Pan India,,,,,,,23180.0,73.0,nan,nan,nan,nan,nan,nan,nan,1390.8
2023-10-09,cricinfo,Sale,Jupiter Beauty,,NTA_FASHION,Pan India,,,,,,,492314.0,92.0,nan,nan,nan,nan,nan,nan,nan,29538.84
2023-10-09,cricinfo,Sale,Jupiter Beauty,,NTA_OHL,Pan India,,,,,,,23156.0,73.0,nan,nan,nan,nan,nan,nan,nan,1389.36
2023-10-09,cricinfo,Sale,Jupiter Beauty,,NTA_OHL,Pan India,,,,,,,493548.0,73.0,nan,nan,nan,nan,nan,nan,nan,29612.88
2023-10-09,cricinfo,Sale,Jupiter Beauty,,NTA_OHL,Pan India,,,,,,,399507.0,630.0,nan,nan,nan,nan,nan,nan,nan,23970.42
2023-10-09,cricinfo,Sale,Jupiter Beauty,,OPS_WL,Pan India,,,,,,,40705.0,8.0,nan,nan,nan,nan,nan,nan,nan,2442.3
2023-10-09,cricinfo,Sale,Jupiter Beauty,,NTA_Media,Pan India,,,,,,,33454.0,86.0,nan,nan,nan,nan,nan,nan,nan,2007.24
2023-10-09,cricinfo,Sale,Jupiter Beauty,,NTA_FASHION,Pan India,,,,,,,399131.0,572.0,nan,nan,nan,nan,nan,nan,nan,23947.86
2023-10-09,cricinfo,Sale,Jupiter Beauty,,OPS_WL,Pan India,,,,,,,88667.0,131.0,nan,nan,nan,nan,nan,nan,nan,5320.02
2023-10-09,cricinfo,Sale,Jupiter Beauty,,OPS_WL,Pan India,,,,,,,852.0,0.0,nan,nan,nan,nan,nan,nan,nan,51.12
2023-10-09,cricinfo,Sale,Jupiter Beauty,,OPS_CEPC,Pan India,,,,,,,23220.0,82.0,nan,nan,nan,nan,nan,nan,nan,1393.2
2023-10-09,cricinfo,Sale,Jupiter Beauty,,OPS_CEPC,Pan India,,,,,,,400651.0,600.0,nan,nan,nan,nan,nan,nan,nan,24039.06
2023-10-09,cricinfo,Sale,Jupiter Beauty,,OPS_CEPC,Pan India,,,,,,,494372.0,87.0,nan,nan,nan,nan,nan,nan,nan,29662.32
2023-10-09,cricinfo,Sale,Jupiter Beauty,,OPS_WL,Pan India,,,,,,,32754.0,40.0,nan,nan,nan,nan,nan,nan,nan,1965.24
2023-10-09,cricinfo,Sale,Jupiter Beauty,,OPS_WL,Pan India,,,,,,,20823.0,62.0,nan,nan,nan,nan,nan,nan,nan,1249.38
2023-10-08,DMP,Sale,Jupiter Beauty,,,,,,,,,,122355.0,363.0,nan,nan,nan,nan,nan,nan,nan,5982.999634
2023-10-08,DMP,Sale,Jupiter Beauty,,,,,,,,,,1123.0,27.0,nan,nan,nan,nan,nan,nan,nan,64.426485
2023-10-08,DMP,Sale,Jupiter Beauty,,,,,,,,,,47195.0,913.0,nan,nan,nan,nan,nan,nan,nan,3386.642305
2023-10-08,DMP,Sale,Jupiter Beauty,,,,,,,,,,47382.0,903.0,nan,nan,nan,nan,nan,nan,nan,3397.017036
2023-10-08,DMP,Sale,Jupiter Beauty,,,,,,,,,,386186.0,1227.0,nan,nan,nan,nan,nan,nan,nan,22410.298391
2023-10-08,DMP,Sale,Jupiter Beauty,,,,,,,,,,10145.0,169.0,nan,nan,nan,nan,nan,nan,nan,736.083353
2023-10-08,DMP,Sale,Jupiter Beauty,,,,,,,,,,149166.0,444.0,nan,nan,nan,nan,nan,nan,nan,7359.223125
2023-10-08,DMP,Sale,Jupiter Beauty,,,,,,,,,,10994.0,191.0,nan,nan,nan,nan,nan,nan,nan,648.898161
2023-10-08,DMP,Sale,Jupiter Beauty,,,,,,,,,,62892.0,1246.0,nan,nan,nan,nan,nan,nan,nan,4516.98311
2023-10-08,DMP,Sale,Jupiter Beauty,,,,,,,,,,63000.0,1235.0,nan,nan,nan,nan,nan,nan,nan,4519.619965
2023-10-08,DMP,Sale,Jupiter Beauty,,,,,,,,,,551097.0,1668.0,nan,nan,nan,nan,nan,nan,nan,33248.336206
2023-10-08,DMP,Sale,Jupiter Beauty,,,,,,,,,,12580.0,226.0,nan,nan,nan,nan,nan,nan,nan,915.168813
2023-10-09,DMP,Sale,Jupiter Beauty,,,,,,,,,,263959.0,1263.0,nan,nan,nan,nan,nan,nan,nan,11048.164204
2023-10-09,DMP,Sale,Jupiter Beauty,,,,,,,,,,37631.0,1216.0,nan,nan,nan,nan,nan,nan,nan,2869.239325
2023-10-09,DMP,Sale,Jupiter Beauty,,,,,,,,,,27428.0,86.0,nan,nan,nan,nan,nan,nan,nan,1295.128933
2023-10-09,DMP,Sale,Jupiter Beauty,,,,,,,,,,27367.0,100.0,nan,nan,nan,nan,nan,nan,nan,1284.321154
2023-10-09,DMP,Sale,Jupiter Beauty,,,,,,,,,,286542.0,1181.0,nan,nan,nan,nan,nan,nan,nan,16530.845168
2023-10-09,DMP,Sale,Jupiter Beauty,,,,,,,,,,3293.0,83.0,nan,nan,nan,nan,nan,nan,nan,239.063133
2023-10-09,DMP,Sale,Jupiter Beauty,,,,,,,,,,263454.0,1275.0,nan,nan,nan,nan,nan,nan,nan,11044.476348
2023-10-09,DMP,Sale,Jupiter Beauty,,,,,,,,,,45500.0,220.0,nan,nan,nan,nan,nan,nan,nan,2102.701239
2023-10-09,DMP,Sale,Jupiter Beauty,,,,,,,,,,37030.0,1159.0,nan,nan,nan,nan,nan,nan,nan,2832.198685
2023-10-09,DMP,Sale,Jupiter Beauty,,,,,,,,,,704.0,5.0,nan,nan,nan,nan,nan,nan,nan,39.322872
2023-10-09,DMP,Sale,Jupiter Beauty,,,,,,,,,,27110.0,87.0,nan,nan,nan,nan,nan,nan,nan,1271.91237
2023-10-09,DMP,Sale,Jupiter Beauty,,,,,,,,,,27062.0,94.0,nan,nan,nan,nan,nan,nan,nan,1272.614488
2023-10-09,DMP,Sale,Jupiter Beauty,,,,,,,,,,15306.0,202.0,nan,nan,nan,nan,nan,nan,nan,954.186638
2023-10-09,DMP,Sale,Jupiter Beauty,,,,,,,,,,15341.0,216.0,nan,nan,nan,nan,nan,nan,nan,951.169781
2023-10-09,DMP,Sale,Jupiter Beauty,,,,,,,,,,284112.0,1214.0,nan,nan,nan,nan,nan,nan,nan,16484.999322
2023-10-09,DMP,Sale,Jupiter Beauty,,,,,,,,,,103815.0,440.0,nan,nan,nan,nan,nan,nan,nan,6453.054575
2023-10-09,DMP,Sale,Jupiter Beauty,,,,,,,,,,2954.0,65.0,nan,nan,nan,nan,nan,nan,nan,214.138036
2023-10-09,DMP,Sale,Jupiter Beauty,,,,,,,,,,1844.0,43.0,nan,nan,nan,nan,nan,nan,nan,122.995835
2023-10-09,DMP,Sale,Jupiter Beauty,,,,,,,,,,44071.0,210.0,nan,nan,nan,nan,nan,nan,nan,2042.788721
2023-10-09,DMP,Sale,Jupiter Beauty,,,,,,,,,,37002.0,1227.0,nan,nan,nan,nan,nan,nan,nan,2823.398825
2023-10-09,DMP,Sale,Jupiter Beauty,,,,,,,,,,717.0,12.0,nan,nan,nan,nan,nan,nan,nan,39.475993
2023-10-09,DMP,Sale,Jupiter Beauty,,,,,,,,,,27485.0,91.0,nan,nan,nan,nan,nan,nan,nan,1284.051971
2023-10-09,DMP,Sale,Jupiter Beauty,,,,,,,,,,15224.0,232.0,nan,nan,nan,nan,nan,nan,nan,946.30277
2023-10-09,DMP,Sale,Jupiter Beauty,,,,,,,,,,15422.0,259.0,nan,nan,nan,nan,nan,nan,nan,955.536966
2023-10-09,DMP,Sale,Jupiter Beauty,,,,,,,,,,103643.0,471.0,nan,nan,nan,nan,nan,nan,nan,6389.71178
2023-10-09,DMP,Sale,Jupiter Beauty,,,,,,,,,,3075.0,63.0,nan,nan,nan,nan,nan,nan,nan,221.662123
2023-10-09,DMP,Sale,Jupiter Beauty,,,,,,,,,,1652.0,42.0,nan,nan,nan,nan,nan,nan,nan,111.279532
2023-10-08,DSP2,Sale,Jupiter Beauty,,,Amazon shoppers,,,,,,,1240.0,4.0,nan,nan,nan,nan,nan,nan,nan,nan
2023-10-08,DSP2,Sale,Jupiter Beauty,,,Amazon shoppers,,,,,,,240889.0,4783.0,nan,nan,nan,nan,nan,nan,nan,nan
2023-10-08,DSP2,Sale,Jupiter Beauty,,,Amazon shoppers,,,,,,,280913.0,22150.0,nan,nan,nan,nan,nan,nan,nan,nan
2023-10-08,DSP2,Sale,Jupiter Beauty,,,Amazon shoppers,,,,,,,281108.0,22410.0,nan,nan,nan,nan,nan,nan,nan,nan
2023-10-08,DSP2,Sale,Jupiter Beauty,,,Amazon shoppers,,,,,,,250199.0,4716.0,nan,nan,nan,nan,nan,nan,nan,nan
2023-10-08,DSP2,Sale,Jupiter Beauty,,,Amazon shoppers,,,,,,,208445.0,748.0,nan,nan,nan,nan,nan,nan,nan,nan
2023-10-08,DSP2,Sale,Jupiter Beauty,,,Amazon shoppers,,,,,,,2169.0,33.0,nan,nan,nan,nan,nan,nan,nan,nan
2023-10-08,DSP2,Sale,Jupiter Beauty,,,Amazon shoppers,,,,,,,44860.0,3093.0,nan,nan,nan,nan,nan,nan,nan,nan
2023-10-08,DSP2,Sale,Jupiter Beauty,,,Amazon shoppers,,,,,,,9455.0,50.0,nan,nan,nan,nan,nan,nan,nan,nan
2023-10-08,DSP2,Sale,Jupiter Beauty,,,Amazon shoppers,,,,,,,214561.0,486.0,nan,nan,nan,nan,nan,nan,nan,nan
2023-10-08,DSP2,Sale,Jupiter Beauty,,,Amazon shoppers,,,,,,,291052.0,22380.0,nan,nan,nan,nan,nan,nan,nan,nan
2023-10-08,DSP2,Sale,Jupiter Beauty,,,Amazon shoppers,,,,,,,310005.0,6258.0,nan,nan,nan,nan,nan,nan,nan,nan
2023-10-08,DSP2,Sale,Jupiter Beauty,,,Amazon shoppers,,,,,,,292441.0,22606.0,nan,nan,nan,nan,nan,nan,nan,nan
2023-10-08,DSP2,Sale,Jupiter Beauty,,,Amazon shoppers,,,,,,,309061.0,6017.0,nan,nan,nan,nan,nan,nan,nan,nan
2023-10-08,DSP2,Sale,Jupiter Beauty,,,Amazon shoppers,,,,,,,965565.0,2510.0,nan,nan,nan,nan,nan,nan,nan,nan
2023-10-08,DSP2,Sale,Jupiter Beauty,,,Amazon shoppers,,,,,,,46058.0,3258.0,nan,nan,nan,nan,nan,nan,nan,nan
2023-10-08,DSP2,Sale,Jupiter Beauty,,,Amazon shoppers,,,,,,,2670.0,36.0,nan,nan,nan,nan,nan,nan,nan,nan
2023-10-08,DSP2,Sale,Jupiter Beauty,,,Amazon shoppers,,,,,,,220370.0,462.0,nan,nan,nan,nan,nan,nan,nan,nan
2023-10-08,DSP2,Sale,Jupiter Beauty,,,Non Amazon shoppers,,,,,,,182809.0,395.0,nan,nan,nan,nan,nan,nan,nan,nan
2023-10-08,DSP2,Sale,Jupiter Beauty,,,Non Amazon shoppers,,,,,,,13862.0,78.0,nan,nan,nan,nan,nan,nan,nan,nan
2023-10-08,DSP2,Sale,Jupiter Beauty,,,Non Amazon shoppers,,,,,,,40892.0,3369.0,nan,nan,nan,nan,nan,nan,nan,nan
2023-10-08,DSP2,Sale,Jupiter Beauty,,,Non Amazon shoppers,,,,,,,769929.0,27299.0,nan,nan,nan,nan,nan,nan,nan,nan
2023-10-08,DSP2,Sale,Jupiter Beauty,,,Non Amazon shoppers,,,,,,,907.0,59.0,nan,nan,nan,nan,nan,nan,nan,nan
2023-10-08,DSP2,Sale,Jupiter Beauty,,,Non Amazon shoppers,,,,,,,22762.0,279.0,nan,nan,nan,nan,nan,nan,nan,nan
2023-10-08,DSP2,Sale,Jupiter Beauty,,,Non Amazon shoppers,,,,,,,22867.0,281.0,nan,nan,nan,nan,nan,nan,nan,nan
2023-10-08,DSP2,Sale,Jupiter Beauty,,,Non Amazon shoppers,,,,,,,955.0,58.0,nan,nan,nan,nan,nan,nan,nan,nan
2023-10-08,DSP2,Sale,Jupiter Beauty,,,Non Amazon shoppers,,,,,,,1719683.0,4036.0,nan,nan,nan,nan,nan,nan,nan,nan
2023-10-08,DSP2,Sale,Jupiter Beauty,,,Non Amazon shoppers,,,,,,,3846.0,205.0,nan,nan,nan,nan,nan,nan,nan,nan
2023-10-08,DSP2,Sale,Jupiter Beauty,,,Non Amazon shoppers,,,,,,,72803.0,973.0,nan,nan,nan,nan,nan,nan,nan,nan
2023-10-08,DSP2,Sale,Jupiter Beauty,,,Non Amazon shoppers,,,,,,,869.0,2.0,nan,nan,nan,nan,nan,nan,nan,nan
2023-10-08,DSP2,Sale,Jupiter Beauty,,,Non Amazon shoppers,,,,,,,21502.0,2036.0,nan,nan,nan,nan,nan,nan,nan,nan
2023-10-08,DSP2,Sale,Jupiter Beauty,,,Non Amazon shoppers,,,,,,,431.0,35.0,nan,nan,nan,nan,nan,nan,nan,nan
2023-10-08,DSP2,Sale,Jupiter Beauty,,,Non Amazon shoppers,,,,,,,379.0,27.0,nan,nan,nan,nan,nan,nan,nan,nan
2023-10-08,DSP2,Sale,Jupiter Beauty,,,Non Amazon shoppers,,,,,,,2026.0,17.0,nan,nan,nan,nan,nan,nan,nan,nan
2023-10-08,DSP2,Sale,Jupiter Beauty,,,Non Amazon shoppers,,,,,,,1217.0,21.0,nan,nan,nan,nan,nan,nan,nan,nan
2023-10-08,DSP2,Sale,Jupiter Beauty,,,Non Amazon shoppers,,,,,,,142219.0,313.0,nan,nan,nan,nan,nan,nan,nan,nan
2023-10-08,DSP2,Sale,Jupiter Beauty,,,Non Amazon shoppers,,,,,,,69599.0,1057.0,nan,nan,nan,nan,nan,nan,nan,nan
2023-10-08,DSP2,Sale,Jupiter Beauty,,,Non Amazon shoppers,,,,,,,1595.0,106.0,nan,nan,nan,nan,nan,nan,nan,nan
2023-10-08,DSP2,Sale,Jupiter Beauty,,,Non Amazon shoppers,,,,,,,180781.0,372.0,nan,nan,nan,nan,nan,nan,nan,nan
2023-10-08,DSP2,Sale,Jupiter Beauty,,,Online shoppers,,,,,,,70566.0,154.0,nan,nan,nan,nan,nan,nan,nan,nan
2023-10-08,DSP2,Sale,Jupiter Beauty,,,Online shoppers,,,,,,,69733.0,148.0,nan,nan,nan,nan,nan,nan,nan,nan
2023-10-08,DSP2,Sale,Jupiter Beauty,,,Online shoppers,,,,,,,8648.0,40.0,nan,nan,nan,nan,nan,nan,nan,nan
2023-10-08,DSP2,Sale,Jupiter Beauty,,,Online shoppers,,,,,,,2.0,1.0,nan,nan,nan,nan,nan,nan,nan,nan
2023-10-08,DSP2,Sale,Jupiter Beauty,,,Online shoppers,,,,,,,15546.0,973.0,nan,nan,nan,nan,nan,nan,nan,nan
2023-10-08,DSP2,Sale,Jupiter Beauty,,,Online shoppers,,,,,,,192341.0,4076.0,nan,nan,nan,nan,nan,nan,nan,nan
2023-10-08,DSP2,Sale,Jupiter Beauty,,,Online shoppers,,,,,,,192707.0,4097.0,nan,nan,nan,nan,nan,nan,nan,nan
2023-10-08,DSP2,Sale,Jupiter Beauty,,,Online shoppers,,,,,,,15822.0,972.0,nan,nan,nan,nan,nan,nan,nan,nan
2023-10-08,DSP2,Sale,Jupiter Beauty,,,Online shoppers,,,,,,,705377.0,1716.0,nan,nan,nan,nan,nan,nan,nan,nan
2023-10-08,DSP2,Sale,Jupiter Beauty,,,Online shoppers,,,,,,,2130.0,123.0,nan,nan,nan,nan,nan,nan,nan,nan
2023-10-08,DSP2,Sale,Jupiter Beauty,,,Online shoppers,,,,,,,1135.0,13.0,nan,nan,nan,nan,nan,nan,nan,nan
2023-10-08,DSP2,Sale,Jupiter Beauty,,,Online shoppers,,,,,,,1574.0,37.0,nan,nan,nan,nan,nan,nan,nan,nan
2023-10-08,DSP2,Sale,Jupiter Beauty,,,Online shoppers,,,,,,,2921.0,228.0,nan,nan,nan,nan,nan,nan,nan,nan
2023-10-08,DSP2,Sale,Jupiter Beauty,,,Online shoppers,,,,,,,1509.0,37.0,nan,nan,nan,nan,nan,nan,nan,nan
2023-10-08,DSP2,Sale,Jupiter Beauty,,,Online shoppers,,,,,,,2937.0,218.0,nan,nan,nan,nan,nan,nan,nan,nan
2023-10-08,DSP2,Sale,Jupiter Beauty,,,Online shoppers,,,,,,,361.0,1.0,nan,nan,nan,nan,nan,nan,nan,nan
2023-10-08,DSP2,Sale,Jupiter Beauty,,,Online shoppers,,,,,,,13.0,0.0,nan,nan,nan,nan,nan,nan,nan,nan
2023-10-08,DSP2,Sale,Jupiter Beauty,,,Online shoppers,,,,,,,415.0,27.0,nan,nan,nan,nan,nan,nan,nan,nan
2023-10-08,DSP2,Sale,Jupiter Beauty,,,Online shoppers,,,,,,,159761.0,326.0,nan,nan,nan,nan,nan,nan,nan,nan
2023-10-08,DSP2,Sale,Jupiter Beauty,,,Online shoppers,,,,,,,635.0,2.0,nan,nan,nan,nan,nan,nan,nan,nan
2023-10-08,DSP2,Sale,Jupiter Beauty,,,Online shoppers,,,,,,,116867.0,2231.0,nan,nan,nan,nan,nan,nan,nan,nan
2023-10-08,DSP2,Sale,Jupiter Beauty,,,Online shoppers,,,,,,,7297.0,529.0,nan,nan,nan,nan,nan,nan,nan,nan
2023-10-08,DSP2,Sale,Jupiter Beauty,,,Online shoppers,,,,,,,7206.0,496.0,nan,nan,nan,nan,nan,nan,nan,nan
2023-10-08,DSP2,Sale,Jupiter Beauty,,,Online shoppers,,,,,,,113329.0,2380.0,nan,nan,nan,nan,nan,nan,nan,nan
2023-10-08,DSP2,Sale,Jupiter Beauty,,,Online shoppers,,,,,,,102764.0,217.0,nan,nan,nan,nan,nan,nan,nan,nan
2023-10-08,DSP2,Sale,Jupiter Beauty,,,Online shoppers,,,,,,,891.0,56.0,nan,nan,nan,nan,nan,nan,nan,nan
2023-10-08,DSP2,Sale,Jupiter Beauty,,,Online shoppers,,,,,,,2.0,0.0,nan,nan,nan,nan,nan,nan,nan,nan
2023-10-08,DSP2,Sale,Jupiter Beauty,,,Online shoppers,,,,,,,163620.0,330.0,nan,nan,nan,nan,nan,nan,nan,nan
2023-10-08,DSP2,Sale,Jupiter Beauty,,,Online shoppers,,,,,,,14118.0,63.0,nan,nan,nan,nan,nan,nan,nan,nan
2023-10-08,DSP2,Sale,Jupiter Beauty,,,Online shoppers,,,,,,,21277.0,1498.0,nan,nan,nan,nan,nan,nan,nan,nan
2023-10-08,DSP2,Sale,Jupiter Beauty,,,Online shoppers,,,,,,,134380.0,2411.0,nan,nan,nan,nan,nan,nan,nan,nan
2023-10-08,DSP2,Sale,Jupiter Beauty,,,Online shoppers,,,,,,,7651.0,546.0,nan,nan,nan,nan,nan,nan,nan,nan
2023-10-08,DSP2,Sale,Jupiter Beauty,,,Online shoppers,,,,,,,7772.0,588.0,nan,nan,nan,nan,nan,nan,nan,nan
2023-10-08,DSP2,Sale,Jupiter Beauty,,,Online shoppers,,,,,,,124586.0,2480.0,nan,nan,nan,nan,nan,nan,nan,nan
2023-10-08,DSP2,Sale,Jupiter Beauty,,,Online shoppers,,,,,,,1591066.0,3937.0,nan,nan,nan,nan,nan,nan,nan,nan
2023-10-08,DSP2,Sale,Jupiter Beauty,,,Online shoppers,,,,,,,3566.0,192.0,nan,nan,nan,nan,nan,nan,nan,nan
2023-10-08,DSP2,Sale,Jupiter Beauty,,,Online shoppers,,,,,,,370164.0,4881.0,nan,nan,nan,nan,nan,nan,nan,nan
2023-10-09,DSP2,Sale,Jupiter Beauty,,,Amazon shoppers,,,,,,,463210.0,23795.0,nan,nan,nan,nan,nan,nan,nan,nan
2023-10-09,DSP2,Sale,Jupiter Beauty,,,Amazon shoppers,,,,,,,465669.0,23614.0,nan,nan,nan,nan,nan,nan,nan,nan
2023-10-09,DSP2,Sale,Jupiter Beauty,,,Amazon shoppers,,,,,,,2.0,0.0,nan,nan,nan,nan,nan,nan,nan,nan
2023-10-09,DSP2,Sale,Jupiter Beauty,,,Amazon shoppers,,,,,,,114934.0,3382.0,nan,nan,nan,nan,nan,nan,nan,nan
2023-10-09,DSP2,Sale,Jupiter Beauty,,,Amazon shoppers,,,,,,,83.0,1.0,nan,nan,nan,nan,nan,nan,nan,nan
2023-10-09,DSP2,Sale,Jupiter Beauty,,,Amazon shoppers,,,,,,,106629.0,344.0,nan,nan,nan,nan,nan,nan,nan,nan
2023-10-09,DSP2,Sale,Jupiter Beauty,,,Amazon shoppers,,,,,,,462247.0,24025.0,nan,nan,nan,nan,nan,nan,nan,nan
2023-10-09,DSP2,Sale,Jupiter Beauty,,,Amazon shoppers,,,,,,,462639.0,23555.0,nan,nan,nan,nan,nan,nan,nan,nan
2023-10-09,DSP2,Sale,Jupiter Beauty,,,Amazon shoppers,,,,,,,1.0,0.0,nan,nan,nan,nan,nan,nan,nan,nan
2023-10-09,DSP2,Sale,Jupiter Beauty,,,Amazon shoppers,,,,,,,1.0,0.0,nan,nan,nan,nan,nan,nan,nan,nan
2023-10-09,DSP2,Sale,Jupiter Beauty,,,Amazon shoppers,,,,,,,298393.0,6010.0,nan,nan,nan,nan,nan,nan,nan,nan
2023-10-09,DSP2,Sale,Jupiter Beauty,,,Amazon shoppers,,,,,,,299096.0,6190.0,nan,nan,nan,nan,nan,nan,nan,nan
2023-10-09,DSP2,Sale,Jupiter Beauty,,,Amazon shoppers,,,,,,,11796.0,708.0,nan,nan,nan,nan,nan,nan,nan,nan
2023-10-09,DSP2,Sale,Jupiter Beauty,,,Amazon shoppers,,,,,,,11893.0,735.0,nan,nan,nan,nan,nan,nan,nan,nan
2023-10-09,DSP2,Sale,Jupiter Beauty,,,Amazon shoppers,,,,,,,0.0,1.0,nan,nan,nan,nan,nan,nan,nan,nan
2023-10-09,DSP2,Sale,Jupiter Beauty,,,Amazon shoppers,,,,,,,108.0,1.0,nan,nan,nan,nan,nan,nan,nan,nan
2023-10-09,DSP2,Sale,Jupiter Beauty,,,Amazon shoppers,,,,,,,114507.0,3358.0,nan,nan,nan,nan,nan,nan,nan,nan
2023-10-09,DSP2,Sale,Jupiter Beauty,,,Amazon shoppers,,,,,,,2806.0,48.0,nan,nan,nan,nan,nan,nan,nan,nan
2023-10-09,DSP2,Sale,Jupiter Beauty,,,Amazon shoppers,,,,,,,1956.0,138.0,nan,nan,nan,nan,nan,nan,nan,nan
2023-10-09,DSP2,Sale,Jupiter Beauty,,,Amazon shoppers,,,,,,,104487.0,327.0,nan,nan,nan,nan,nan,nan,nan,nan
2023-10-09,DSP2,Sale,Jupiter Beauty,,,Amazon shoppers,,,,,,,259516.0,17967.0,nan,nan,nan,nan,nan,nan,nan,nan
2023-10-09,DSP2,Sale,Jupiter Beauty,,,Amazon shoppers,,,,,,,11832.0,688.0,nan,nan,nan,nan,nan,nan,nan,nan
2023-10-09,DSP2,Sale,Jupiter Beauty,,,Amazon shoppers,,,,,,,297188.0,6359.0,nan,nan,nan,nan,nan,nan,nan,nan
2023-10-09,DSP2,Sale,Jupiter Beauty,,,Amazon shoppers,,,,,,,11974.0,729.0,nan,nan,nan,nan,nan,nan,nan,nan
2023-10-09,DSP2,Sale,Jupiter Beauty,,,Amazon shoppers,,,,,,,298886.0,6319.0,nan,nan,nan,nan,nan,nan,nan,nan
2023-10-09,DSP2,Sale,Jupiter Beauty,,,Amazon shoppers,,,,,,,0.0,1.0,nan,nan,nan,nan,nan,nan,nan,nan
2023-10-09,DSP2,Sale,Jupiter Beauty,,,Amazon shoppers,,,,,,,44282.0,2304.0,nan,nan,nan,nan,nan,nan,nan,nan
2023-10-09,DSP2,Sale,Jupiter Beauty,,,Amazon shoppers,,,,,,,10.0,0.0,nan,nan,nan,nan,nan,nan,nan,nan
2023-10-09,DSP2,Sale,Jupiter Beauty,,,Amazon shoppers,,,,,,,1908.0,153.0,nan,nan,nan,nan,nan,nan,nan,nan
2023-10-09,DSP2,Sale,Jupiter Beauty,,,Amazon shoppers,,,,,,,2823.0,54.0,nan,nan,nan,nan,nan,nan,nan,nan
2023-10-09,DSP2,Sale,Jupiter Beauty,,,Amazon shoppers,,,,,,,106803.0,315.0,nan,nan,nan,nan,nan,nan,nan,nan
2023-10-09,DSP2,Sale,Jupiter Beauty,,,Amazon shoppers,,,,,,,107335.0,339.0,nan,nan,nan,nan,nan,nan,nan,nan
2023-10-09,DSP2,Sale,Jupiter Beauty,,,Non Amazon shoppers,,,,,,,90369.0,270.0,nan,nan,nan,nan,nan,nan,nan,nan
2023-10-09,DSP2,Sale,Jupiter Beauty,,,Non Amazon shoppers,,,,,,,0.0,567.0,nan,nan,nan,nan,nan,nan,nan,nan
2023-10-09,DSP2,Sale,Jupiter Beauty,,,Non Amazon shoppers,,,,,,,26203.0,1952.0,nan,nan,nan,nan,nan,nan,nan,nan
2023-10-09,DSP2,Sale,Jupiter Beauty,,,Non Amazon shoppers,,,,,,,13911.0,81.0,nan,nan,nan,nan,nan,nan,nan,nan
2023-10-09,DSP2,Sale,Jupiter Beauty,,,Non Amazon shoppers,,,,,,,13702.0,107.0,nan,nan,nan,nan,nan,nan,nan,nan
2023-10-09,DSP2,Sale,Jupiter Beauty,,,Non Amazon shoppers,,,,,,,588.0,37.0,nan,nan,nan,nan,nan,nan,nan,nan
2023-10-09,DSP2,Sale,Jupiter Beauty,,,Non Amazon shoppers,,,,,,,518.0,32.0,nan,nan,nan,nan,nan,nan,nan,nan
2023-10-09,DSP2,Sale,Jupiter Beauty,,,Non Amazon shoppers,,,,,,,0.0,1.0,nan,nan,nan,nan,nan,nan,nan,nan
2023-10-09,DSP2,Sale,Jupiter Beauty,,,Non Amazon shoppers,,,,,,,405385.0,5570.0,nan,nan,nan,nan,nan,nan,nan,nan
2023-10-09,DSP2,Sale,Jupiter Beauty,,,Non Amazon shoppers,,,,,,,2377.0,177.0,nan,nan,nan,nan,nan,nan,nan,nan
2023-10-09,DSP2,Sale,Jupiter Beauty,,,Non Amazon shoppers,,,,,,,89157.0,255.0,nan,nan,nan,nan,nan,nan,nan,nan
2023-10-09,DSP2,Sale,Jupiter Beauty,,,Non Amazon shoppers,,,,,,,26550.0,1941.0,nan,nan,nan,nan,nan,nan,nan,nan
2023-10-09,DSP2,Sale,Jupiter Beauty,,,Non Amazon shoppers,,,,,,,911236.0,47416.0,nan,nan,nan,nan,nan,nan,nan,nan
2023-10-09,DSP2,Sale,Jupiter Beauty,,,Non Amazon shoppers,,,,,,,913168.0,47462.0,nan,nan,nan,nan,nan,nan,nan,nan
2023-10-09,DSP2,Sale,Jupiter Beauty,,,Non Amazon shoppers,,,,,,,822.0,11.0,nan,nan,nan,nan,nan,nan,nan,nan
2023-10-09,DSP2,Sale,Jupiter Beauty,,,Non Amazon shoppers,,,,,,,834.0,14.0,nan,nan,nan,nan,nan,nan,nan,nan
2023-10-09,DSP2,Sale,Jupiter Beauty,,,Non Amazon shoppers,,,,,,,510.0,40.0,nan,nan,nan,nan,nan,nan,nan,nan
2023-10-09,DSP2,Sale,Jupiter Beauty,,,Non Amazon shoppers,,,,,,,503.0,36.0,nan,nan,nan,nan,nan,nan,nan,nan
2023-10-09,DSP2,Sale,Jupiter Beauty,,,Non Amazon shoppers,,,,,,,13922.0,104.0,nan,nan,nan,nan,nan,nan,nan,nan
2023-10-09,DSP2,Sale,Jupiter Beauty,,,Non Amazon shoppers,,,,,,,13916.0,78.0,nan,nan,nan,nan,nan,nan,nan,nan
2023-10-09,DSP2,Sale,Jupiter Beauty,,,Non Amazon shoppers,,,,,,,168081.0,4658.0,nan,nan,nan,nan,nan,nan,nan,nan
2023-10-09,DSP2,Sale,Jupiter Beauty,,,Non Amazon shoppers,,,,,,,9.0,0.0,nan,nan,nan,nan,nan,nan,nan,nan
2023-10-09,DSP2,Sale,Jupiter Beauty,,,Non Amazon shoppers,,,,,,,2404.0,172.0,nan,nan,nan,nan,nan,nan,nan,nan
2023-10-09,DSP2,Sale,Jupiter Beauty,,,Non Amazon shoppers,,,,,,,405797.0,6093.0,nan,nan,nan,nan,nan,nan,nan,nan
2023-10-09,DSP2,Sale,Jupiter Beauty,,,Non Amazon shoppers,,,,,,,88856.0,244.0,nan,nan,nan,nan,nan,nan,nan,nan
2023-10-09,DSP2,Sale,Jupiter Beauty,,,Non Amazon shoppers,,,,,,,89729.0,267.0,nan,nan,nan,nan,nan,nan,nan,nan
2023-10-09,DSP2,Sale,Jupiter Beauty,,,Online shoppers,,,,,,,35146.0,109.0,nan,nan,nan,nan,nan,nan,nan,nan
2023-10-09,DSP2,Sale,Jupiter Beauty,,,Online shoppers,,,,,,,34691.0,89.0,nan,nan,nan,nan,nan,nan,nan,nan
2023-10-09,DSP2,Sale,Jupiter Beauty,,,Online shoppers,,,,,,,35009.0,109.0,nan,nan,nan,nan,nan,nan,nan,nan
2023-10-09,DSP2,Sale,Jupiter Beauty,,,Online shoppers,,,,,,,4.0,0.0,nan,nan,nan,nan,nan,nan,nan,nan
2023-10-09,DSP2,Sale,Jupiter Beauty,,,Online shoppers,,,,,,,104747.0,2160.0,nan,nan,nan,nan,nan,nan,nan,nan
2023-10-09,DSP2,Sale,Jupiter Beauty,,,Online shoppers,,,,,,,7340.0,457.0,nan,nan,nan,nan,nan,nan,nan,nan
2023-10-09,DSP2,Sale,Jupiter Beauty,,,Online shoppers,,,,,,,7513.0,516.0,nan,nan,nan,nan,nan,nan,nan,nan
2023-10-09,DSP2,Sale,Jupiter Beauty,,,Online shoppers,,,,,,,104682.0,2267.0,nan,nan,nan,nan,nan,nan,nan,nan
2023-10-09,DSP2,Sale,Jupiter Beauty,,,Online shoppers,,,,,,,0.0,2.0,nan,nan,nan,nan,nan,nan,nan,nan
2023-10-09,DSP2,Sale,Jupiter Beauty,,,Online shoppers,,,,,,,1421.0,107.0,nan,nan,nan,nan,nan,nan,nan,nan
2023-10-09,DSP2,Sale,Jupiter Beauty,,,Online shoppers,,,,,,,924.0,5.0,nan,nan,nan,nan,nan,nan,nan,nan
2023-10-09,DSP2,Sale,Jupiter Beauty,,,Online shoppers,,,,,,,34633.0,111.0,nan,nan,nan,nan,nan,nan,nan,nan
2023-10-09,DSP2,Sale,Jupiter Beauty,,,Online shoppers,,,,,,,637677.0,45394.0,nan,nan,nan,nan,nan,nan,nan,nan
2023-10-09,DSP2,Sale,Jupiter Beauty,,,Online shoppers,,,,,,,4.0,0.0,nan,nan,nan,nan,nan,nan,nan,nan
2023-10-09,DSP2,Sale,Jupiter Beauty,,,Online shoppers,,,,,,,19546.0,971.0,nan,nan,nan,nan,nan,nan,nan,nan
2023-10-09,DSP2,Sale,Jupiter Beauty,,,Online shoppers,,,,,,,19483.0,1010.0,nan,nan,nan,nan,nan,nan,nan,nan
2023-10-09,DSP2,Sale,Jupiter Beauty,,,Online shoppers,,,,,,,106109.0,2302.0,nan,nan,nan,nan,nan,nan,nan,nan
2023-10-09,DSP2,Sale,Jupiter Beauty,,,Online shoppers,,,,,,,7411.0,482.0,nan,nan,nan,nan,nan,nan,nan,nan
2023-10-09,DSP2,Sale,Jupiter Beauty,,,Online shoppers,,,,,,,7363.0,529.0,nan,nan,nan,nan,nan,nan,nan,nan
2023-10-09,DSP2,Sale,Jupiter Beauty,,,Online shoppers,,,,,,,105760.0,2356.0,nan,nan,nan,nan,nan,nan,nan,nan
2023-10-09,DSP2,Sale,Jupiter Beauty,,,Online shoppers,,,,,,,94424.0,3299.0,nan,nan,nan,nan,nan,nan,nan,nan
2023-10-09,DSP2,Sale,Jupiter Beauty,,,Online shoppers,,,,,,,1328.0,85.0,nan,nan,nan,nan,nan,nan,nan,nan
2023-10-09,DSP2,Sale,Jupiter Beauty,,,Online shoppers,,,,,,,890.0,17.0,nan,nan,nan,nan,nan,nan,nan,nan
2023-10-09,DSP2,Sale,Jupiter Beauty,,,Online shoppers,,,,,,,79994.0,255.0,nan,nan,nan,nan,nan,nan,nan,nan
2023-10-09,DSP2,Sale,Jupiter Beauty,,,Online shoppers,,,,,,,78792.0,246.0,nan,nan,nan,nan,nan,nan,nan,nan
2023-10-09,DSP2,Sale,Jupiter Beauty,,,Online shoppers,,,,,,,79393.0,227.0,nan,nan,nan,nan,nan,nan,nan,nan
2023-10-09,DSP2,Sale,Jupiter Beauty,,,Online shoppers,,,,,,,397581.0,23353.0,nan,nan,nan,nan,nan,nan,nan,nan
2023-10-09,DSP2,Sale,Jupiter Beauty,,,Online shoppers,,,,,,,397358.0,23403.0,nan,nan,nan,nan,nan,nan,nan,nan
2023-10-09,DSP2,Sale,Jupiter Beauty,,,Online shoppers,,,,,,,239836.0,4981.0,nan,nan,nan,nan,nan,nan,nan,nan
2023-10-09,DSP2,Sale,Jupiter Beauty,,,Online shoppers,,,,,,,14903.0,908.0,nan,nan,nan,nan,nan,nan,nan,nan
2023-10-09,DSP2,Sale,Jupiter Beauty,,,Online shoppers,,,,,,,239766.0,5059.0,nan,nan,nan,nan,nan,nan,nan,nan
2023-10-09,DSP2,Sale,Jupiter Beauty,,,Online shoppers,,,,,,,15198.0,1004.0,nan,nan,nan,nan,nan,nan,nan,nan
2023-10-09,DSP2,Sale,Jupiter Beauty,,,Online shoppers,,,,,,,79364.0,2717.0,nan,nan,nan,nan,nan,nan,nan,nan
2023-10-09,DSP2,Sale,Jupiter Beauty,,,Online shoppers,,,,,,,2628.0,154.0,nan,nan,nan,nan,nan,nan,nan,nan
2023-10-09,DSP2,Sale,Jupiter Beauty,,,Online shoppers,,,,,,,315.0,0.0,nan,nan,nan,nan,nan,nan,nan,nan
2023-10-09,DSP2,Sale,Jupiter Beauty,,,Online shoppers,,,,,,,80496.0,251.0,nan,nan,nan,nan,nan,nan,nan,nan
2023-10-09,DSP2,Sale,Jupiter Beauty,,,Online shoppers,,,,,,,240519.0,5071.0,nan,nan,nan,nan,nan,nan,nan,nan
2023-10-09,DSP2,Sale,Jupiter Beauty,,,Online shoppers,,,,,,,14805.0,883.0,nan,nan,nan,nan,nan,nan,nan,nan
2023-10-09,DSP2,Sale,Jupiter Beauty,,,Online shoppers,,,,,,,240362.0,4989.0,nan,nan,nan,nan,nan,nan,nan,nan
2023-10-09,DSP2,Sale,Jupiter Beauty,,,Online shoppers,,,,,,,14980.0,935.0,nan,nan,nan,nan,nan,nan,nan,nan
2023-10-09,DSP2,Sale,Jupiter Beauty,,,Online shoppers,,,,,,,0.0,1.0,nan,nan,nan,nan,nan,nan,nan,nan
2023-10-09,DSP2,Sale,Jupiter Beauty,,,Online shoppers,,,,,,,41232.0,2082.0,nan,nan,nan,nan,nan,nan,nan,nan
2023-10-09,DSP2,Sale,Jupiter Beauty,,,Online shoppers,,,,,,,289.0,114.0,nan,nan,nan,nan,nan,nan,nan,nan
2023-10-09,DSP2,Sale,Jupiter Beauty,,,Online shoppers,,,,,,,2671.0,171.0,nan,nan,nan,nan,nan,nan,nan,nan
2023-10-09,DSP2,Sale,Jupiter Beauty,,,Online shoppers,,,,,,,397296.0,23251.0,nan,nan,nan,nan,nan,nan,nan,nan
2023-10-09,DSP2,Sale,Jupiter Beauty,,,Online shoppers,,,,,,,398281.0,23172.0,nan,nan,nan,nan,nan,nan,nan,nan
2023-10-09,DSP2,Sale,Jupiter Beauty,,,Online shoppers,,,,,,,79222.0,2747.0,nan,nan,nan,nan,nan,nan,nan,nan
2023-10-08,Hipi,Sale,Jupiter Beauty,,Wireless/Mobile -OPS,"18-45 MF, Online shoppers Excl. Amazon App Users",,,,,,,914411.0,35209.0,nan,nan,nan,nan,nan,nan,nan,91441.1
2023-10-08,Hipi,Sale,Jupiter Beauty,,CEPC/Electronics-OPS,"18-45 MF, Online shoppers Excl. Amazon App Users",,,,,,,2333902.0,88842.0,nan,nan,nan,nan,nan,nan,nan,233390.2
2023-10-08,Hipi,Sale,Jupiter Beauty,,Large Appliances/TV -OPS,"18-45 MF, Online shoppers Excl. Amazon App Users",,,,,,,439529.0,7666.0,nan,nan,nan,nan,nan,nan,nan,43952.9
2023-10-08,Hipi,Sale,Jupiter Beauty,,Fashion NTA,"18-45 MF, Non shoppers",,,,,,,269659.0,6341.0,nan,nan,nan,nan,nan,nan,nan,26965.9
2023-10-08,Hipi,Sale,Jupiter Beauty,,Media NTA,"18-45 MF, Non shoppers",,,,,,,178790.0,3166.0,nan,nan,nan,nan,nan,nan,nan,17879.0
2023-10-08,Hipi,Sale,Jupiter Beauty,,Home & Kitchen-NTA,"18-45 MF, Non shoppers",,,,,,,30576.0,844.0,nan,nan,nan,nan,nan,nan,nan,3057.6
2023-10-08,Hipi,Sale,Jupiter Beauty,,Fashion NTA,"18-45 MF, Online shoppers Excl. Amazon App Users",,,,,,,53169.0,1631.0,nan,nan,nan,nan,nan,nan,nan,5316.9
2023-10-09,Hipi,Sale,Jupiter Beauty,,CEPC/Electronics-OPS,"18-45 MF, Online shoppers Excl. Amazon App Users",,,,,,,684910.0,25649.0,nan,nan,nan,nan,nan,nan,nan,68491.0
2023-10-09,Hipi,Sale,Jupiter Beauty,,Large Appliances/TV -OPS,"18-45 MF, Online shoppers Excl. Amazon App Users",,,,,,,456917.0,7852.0,nan,nan,nan,nan,nan,nan,nan,45691.7
2023-10-09,Hipi,Sale,Jupiter Beauty,,Large Appliances/WM -OPS,"18-45 MF, Online shoppers Excl. Amazon App Users",,,,,,,59238.0,1347.0,nan,nan,nan,nan,nan,nan,nan,5923.8
2023-10-09,Hipi,Sale,Jupiter Beauty,,Fashion NTA,"18-45 MF, Non shoppers",,,,,,,524168.0,17566.0,nan,nan,nan,nan,nan,nan,nan,52416.8
2023-10-09,Hipi,Sale,Jupiter Beauty,,Media NTA,"18-45 MF, Non shoppers",,,,,,,1561216.0,59159.0,nan,nan,nan,nan,nan,nan,nan,156121.6
2023-10-09,Hipi,Sale,Jupiter Beauty,,Home & Kitchen-NTA,"18-45 MF, Non shoppers",,,,,,,245182.0,5456.0,nan,nan,nan,nan,nan,nan,nan,24518.2
2023-10-09,Hipi,Sale,Jupiter Beauty,,Fashion NTA,"18-45 MF, Online shoppers Excl. Amazon App Users",,,,,,,118983.0,3259.0,nan,nan,nan,nan,nan,nan,nan,11898.3
2023-10-09,Hipi,Sale,Jupiter Beauty,,Media NTA,"18-45 MF, Online shoppers Excl. Amazon App Users",,,,,,,261066.0,7499.0,nan,nan,nan,nan,nan,nan,nan,26106.6
2023-10-08,iAvtarz,Sale,Jupiter Beauty,,CEPC OPS,,,,,,,,70909.0,388.0,nan,nan,nan,nan,nan,nan,nan,776.0
2023-10-08,iAvtarz,Sale,Jupiter Beauty,,Fashion NTA,,,,,,,,80123.0,390.0,nan,nan,nan,nan,nan,nan,nan,780.0
2023-10-08,iAvtarz,Sale,Jupiter Beauty,,Home & Kitchen NTA,,,,,,,,90121.0,411.0,nan,nan,nan,nan,nan,nan,nan,822.0
2023-10-08,iAvtarz,Sale,Jupiter Beauty,,MEDIA NTA,,,,,,,,81146.0,590.0,nan,nan,nan,nan,nan,nan,nan,1180.0
2023-10-08,iAvtarz,Sale,Jupiter Beauty,,Wireless Mobile NTA,,,,,,,,100521.0,611.0,nan,nan,nan,nan,nan,nan,nan,1222.0
2023-10-08,iAvtarz,Sale,Jupiter Beauty,,LATV OPS,,,,,,,,232.0,10.0,nan,nan,nan,nan,nan,nan,nan,20.0
2023-10-08,iAvtarz,Sale,Jupiter Beauty,,Fashion NTA,,,,,,,,58909.0,399.0,nan,nan,nan,nan,nan,nan,nan,798.0
2023-10-08,iAvtarz,Sale,Jupiter Beauty,,Home & Kitchen NTA,,,,,,,,80121.0,266.0,nan,nan,nan,nan,nan,nan,nan,532.0
2023-10-08,iAvtarz,Sale,Jupiter Beauty,,MEDIA NTA,,,,,,,,57654.0,288.0,nan,nan,nan,nan,nan,nan,nan,576.0
2023-10-08,iAvtarz,Sale,Jupiter Beauty,,Wireless Mobile NTA,,,,,,,,71212.0,311.0,nan,nan,nan,nan,nan,nan,nan,622.0
2023-10-09,iAvtarz,Sale,Jupiter Beauty,,CEPC OPS,,,,,,,,185454.0,6555.0,nan,nan,nan,nan,nan,nan,nan,13110.0
2023-10-09,iAvtarz,Sale,Jupiter Beauty,,Fashion NTA,,,,,,,,179098.0,6546.0,nan,nan,nan,nan,nan,nan,nan,13092.0
2023-10-09,iAvtarz,Sale,Jupiter Beauty,,Home & Kitchen NTA,,,,,,,,186546.0,6455.0,nan,nan,nan,nan,nan,nan,nan,12910.0
2023-10-09,iAvtarz,Sale,Jupiter Beauty,,MEDIA NTA,,,,,,,,165654.0,5987.0,nan,nan,nan,nan,nan,nan,nan,11974.0
2023-10-09,iAvtarz,Sale,Jupiter Beauty,,Wireless Mobile OPS,,,,,,,,102909.0,3452.0,nan,nan,nan,nan,nan,nan,nan,6904.0
2023-10-09,iAvtarz,Sale,Jupiter Beauty,,LAWM OPS,,,,,,,,123232.0,4121.0,nan,nan,nan,nan,nan,nan,nan,8242.0
2023-10-09,iAvtarz,Sale,Jupiter Beauty,,Fashion NTA,,,,,,,,124343.0,4712.0,nan,nan,nan,nan,nan,nan,nan,9424.0
2023-10-09,iAvtarz,Sale,Jupiter Beauty,,Home & Kitchen NTA,,,,,,,,139098.0,4909.0,nan,nan,nan,nan,nan,nan,nan,9818.0
2023-10-09,iAvtarz,Sale,Jupiter Beauty,,MEDIA NTA,,,,,,,,171843.0,5543.0,nan,nan,nan,nan,nan,nan,nan,11086.0
2023-10-09,iAvtarz,Sale,Jupiter Beauty,,Wireless Mobile NTA,,,,,,,,195947.0,5032.0,nan,nan,nan,nan,nan,nan,nan,10064.0
2023-10-08,mcanvas,Sale,Jupiter Beauty,,,"18-45 MF, Online shoppers, Excl. Amz shoppers,India",,,,,,,115456.0,6289.0,nan,nan,nan,nan,nan,nan,nan,28300.5
2023-10-08,mcanvas,Sale,Jupiter Beauty,,,"18-45 MF, Non-shoppers,India",,,,,,,123759.0,6365.0,nan,nan,nan,nan,nan,nan,nan,28642.5
2023-10-08,mcanvas,Sale,Jupiter Beauty,,,"18-45 MF, Online shoppers, Excl. Amz shoppers,India",,,,,,,122808.0,6977.0,nan,nan,nan,nan,nan,nan,nan,31396.5
2023-10-08,mcanvas,Sale,Jupiter Beauty,,,"18-45 MF, Non-shoppers,India",,,,,,,172120.0,8131.0,nan,nan,nan,nan,nan,nan,nan,36589.5
2023-10-08,mcanvas,Sale,Jupiter Beauty,,,"18-45 MF, Amz shoppers,India",,,,,,,156606.0,8023.0,nan,nan,nan,nan,nan,nan,nan,36103.5
2023-10-09,mcanvas,Sale,Jupiter Beauty,,,"18-45 MF, Amz shoppers,India",,,,,,,72502.0,3710.0,nan,nan,nan,nan,nan,nan,nan,16695.0
2023-10-09,mcanvas,Sale,Jupiter Beauty,,,"18-45 MF, Online shoppers, Excl. Amz shoppers,India",,,,,,,55825.0,1175.0,nan,nan,nan,nan,nan,nan,nan,5287.5
2023-10-09,mcanvas,Sale,Jupiter Beauty,,,"18-45 MF, Online shoppers, Excl. Amz shoppers,India",,,,,,,90118.0,4302.0,nan,nan,nan,nan,nan,nan,nan,19359.0
2023-10-09,mcanvas,Sale,Jupiter Beauty,,,"18-45 MF, Non-shoppers,India",,,,,,,71329.0,1070.0,nan,nan,nan,nan,nan,nan,nan,4815.0
2023-10-09,mcanvas,Sale,Jupiter Beauty,,,"18-45 MF, Amz shoppers,India",,,,,,,65919.0,1346.0,nan,nan,nan,nan,nan,nan,nan,6057.0
2023-10-09,mcanvas,Sale,Jupiter Beauty,,,"18-45 MF, Non-shoppers,India",,,,,,,176238.0,4631.0,nan,nan,nan,nan,nan,nan,nan,20839.5
2023-10-09,mcanvas,Sale,Jupiter Beauty,,,"18-45 MF, Online shoppers, Excl. Amz shoppers,India",,,,,,,34056.0,712.0,nan,nan,nan,nan,nan,nan,nan,3204.0
2023-10-09,mcanvas,Sale,Jupiter Beauty,,,"18-45 MF, Non-shoppers,India",,,,,,,117806.0,4928.0,nan,nan,nan,nan,nan,nan,nan,22176.0
2023-10-09,mcanvas,Sale,Jupiter Beauty,,,"18-45 MF, Amz shoppers,India",,,,,,,32751.0,1001.0,nan,nan,nan,nan,nan,nan,nan,4504.5
2023-10-09,mcanvas,Sale,Jupiter Beauty,,,"18-45 MF, Online shoppers, Excl. Amz shoppers,India",,,,,,,31939.0,1263.0,nan,nan,nan,nan,nan,nan,nan,5683.5
2023-10-09,mcanvas,Sale,Jupiter Beauty,,,"18-45 MF, Online shoppers, Excl. Amz shoppers,India",,,,,,,182868.0,6607.0,nan,nan,nan,nan,nan,nan,nan,29731.5
2023-10-09,mcanvas,Sale,Jupiter Beauty,,,"18-45 MF, Amz shoppers,India",,,,,,,41154.0,1625.0,nan,nan,nan,nan,nan,nan,nan,7312.5
2023-10-09,mcanvas,Sale,Jupiter Beauty,,,"18-45 MF, Amz shoppers,India",,,,,,,36340.0,1078.0,nan,nan,nan,nan,nan,nan,nan,4851.0
2023-10-09,mcanvas,Sale,Jupiter Beauty,,,"18-45 MF, Online shoppers, Excl. Amz shoppers,India",,,,,,,38938.0,1113.0,nan,nan,nan,nan,nan,nan,nan,5008.5
