Date,Publisher,Campaign Name,Accrual campaign name,Concept Name,GEO,Impressions,Clicks
2023-10-14,Truecaller,Amz Pay Q3 23,Amz Pay Q3 23,Amazon Apay_CHENNAI_W1 to W4 - 14th Oct to 10th Nov,CHENNAI,16399,219
2023-10-14,Truecaller,Amz Pay Q3 23,Amz Pay Q3 23,Amazon Apay_CHENNAI_W1 to W4 - 14th Oct to 10th Nov,CHENNAI,15798,212
2023-10-14,Truecaller,Amz Pay Q3 23,Amz Pay Q3 23,Amazon Apay_CHENNAI_W1 to W4 - 14th Oct to 10th Nov,CHENNAI,16145,199
2023-10-14,Truecaller,Amz Pay Q3 23,Amz Pay Q3 23,Amazon Apay_CHENNAI_W1 to W4 - 14th Oct to 10th Nov,CHENNAI,16203,210
2023-10-15,Truecaller,Amz Pay Q3 23,Amz Pay Q3 23,Amazon Apay_CHENNAI_W1 to W4 - 14th Oct to 10th Nov,CHENNAI,58505,825
2023-10-15,Truecaller,Amz Pay Q3 23,Amz Pay Q3 23,Amazon Apay_CHENNAI_W1 to W4 - 14th Oct to 10th Nov,CHENNAI,51173,634
2023-10-15,Truecaller,Amz Pay Q3 23,Amz Pay Q3 23,Amazon Apay_CHENNAI_W1 to W4 - 14th Oct to 10th Nov,CHENNAI,11007,137
2023-10-15,Truecaller,Amz Pay Q3 23,Amz Pay Q3 23,Amazon Apay_CHENNAI_W1 to W4 - 14th Oct to 10th Nov,CHENNAI,10796,132
2023-10-16,Truecaller,Amz Pay Q3 23,Amz Pay Q3 23,Amazon Apay_CHENNAI_W1 to W4 - 14th Oct to 10th Nov,CHENNAI,80072,1061
2023-10-16,Truecaller,Amz Pay Q3 23,Amz Pay Q3 23,Amazon Apay_CHENNAI_W1 to W4 - 14th Oct to 10th Nov,CHENNAI,8511,119
2023-10-16,Truecaller,Amz Pay Q3 23,Amz Pay Q3 23,Amazon Apay_CHENNAI_W1 to W4 - 14th Oct to 10th Nov,CHENNAI,8498,109
2023-10-16,Truecaller,Amz Pay Q3 23,Amz Pay Q3 23,Amazon Apay_CHENNAI_W1 to W4 - 14th Oct to 10th Nov,CHENNAI,8649,97
2023-10-17,Truecaller,Amz Pay Q3 23,Amz Pay Q3 23,Amazon Apay_CHENNAI_W1 to W4 - 14th Oct to 10th Nov,CHENNAI,77508,1043
2023-10-17,Truecaller,Amz Pay Q3 23,Amz Pay Q3 23,Amazon Apay_CHENNAI_W1 to W4 - 14th Oct to 10th Nov,CHENNAI,8283,80
2023-10-17,Truecaller,Amz Pay Q3 23,Amz Pay Q3 23,Amazon Apay_CHENNAI_W1 to W4 - 14th Oct to 10th Nov,CHENNAI,8309,101
2023-10-17,Truecaller,Amz Pay Q3 23,Amz Pay Q3 23,Amazon Apay_CHENNAI_W1 to W4 - 14th Oct to 10th Nov,CHENNAI,8336,103
2023-10-18,Truecaller,Amz Pay Q3 23,Amz Pay Q3 23,Amazon Apay_CHENNAI_W1 to W4 - 14th Oct to 10th Nov,CHENNAI,75595,961
2023-10-18,Truecaller,Amz Pay Q3 23,Amz Pay Q3 23,Amazon Apay_CHENNAI_W1 to W4 - 14th Oct to 10th Nov,CHENNAI,8033,97
2023-10-18,Truecaller,Amz Pay Q3 23,Amz Pay Q3 23,Amazon Apay_CHENNAI_W1 to W4 - 14th Oct to 10th Nov,CHENNAI,8146,99
2023-10-18,Truecaller,Amz Pay Q3 23,Amz Pay Q3 23,Amazon Apay_CHENNAI_W1 to W4 - 14th Oct to 10th Nov,CHENNAI,8073,105
2023-10-14,Truecaller,Amz Pay Q3 23,Amz Pay Q3 23,Amazon Apay_PUNE_W1 to W4 - 14th Oct to 10th Nov,PUNE,9093,106
2023-10-14,Truecaller,Amz Pay Q3 23,Amz Pay Q3 23,Amazon Apay_PUNE_W1 to W4 - 14th Oct to 10th Nov,PUNE,8868,105
2023-10-14,Truecaller,Amz Pay Q3 23,Amz Pay Q3 23,Amazon Apay_PUNE_W1 to W4 - 14th Oct to 10th Nov,PUNE,8904,95
2023-10-14,Truecaller,Amz Pay Q3 23,Amz Pay Q3 23,Amazon Apay_PUNE_W1 to W4 - 14th Oct to 10th Nov,PUNE,9004,103
2023-10-15,Truecaller,Amz Pay Q3 23,Amz Pay Q3 23,Amazon Apay_PUNE_W1 to W4 - 14th Oct to 10th Nov,PUNE,75877,979
2023-10-15,Truecaller,Amz Pay Q3 23,Amz Pay Q3 23,Amazon Apay_PUNE_W1 to W4 - 14th Oct to 10th Nov,PUNE,42069,499
2023-10-15,Truecaller,Amz Pay Q3 23,Amz Pay Q3 23,Amazon Apay_PUNE_W1 to W4 - 14th Oct to 10th Nov,PUNE,11899,145
2023-10-15,Truecaller,Amz Pay Q3 23,Amz Pay Q3 23,Amazon Apay_PUNE_W1 to W4 - 14th Oct to 10th Nov,PUNE,11714,141
2023-10-16,Truecaller,Amz Pay Q3 23,Amz Pay Q3 23,Amazon Apay_PUNE_W1 to W4 - 14th Oct to 10th Nov,PUNE,72390,909
2023-10-16,Truecaller,Amz Pay Q3 23,Amz Pay Q3 23,Amazon Apay_PUNE_W1 to W4 - 14th Oct to 10th Nov,PUNE,7942,98
2023-10-16,Truecaller,Amz Pay Q3 23,Amz Pay Q3 23,Amazon Apay_PUNE_W1 to W4 - 14th Oct to 10th Nov,PUNE,8003,101
2023-10-16,Truecaller,Amz Pay Q3 23,Amz Pay Q3 23,Amazon Apay_PUNE_W1 to W4 - 14th Oct to 10th Nov,PUNE,7875,96
2023-10-17,Truecaller,Amz Pay Q3 23,Amz Pay Q3 23,Amazon Apay_PUNE_W1 to W4 - 14th Oct to 10th Nov,PUNE,69211,862
2023-10-17,Truecaller,Amz Pay Q3 23,Amz Pay Q3 23,Amazon Apay_PUNE_W1 to W4 - 14th Oct to 10th Nov,PUNE,7501,85
2023-10-17,Truecaller,Amz Pay Q3 23,Amz Pay Q3 23,Amazon Apay_PUNE_W1 to W4 - 14th Oct to 10th Nov,PUNE,7614,103
2023-10-17,Truecaller,Amz Pay Q3 23,Amz Pay Q3 23,Amazon Apay_PUNE_W1 to W4 - 14th Oct to 10th Nov,PUNE,7693,109
2023-10-18,Truecaller,Amz Pay Q3 23,Amz Pay Q3 23,Amazon Apay_PUNE_W1 to W4 - 14th Oct to 10th Nov,PUNE,67648,851
2023-10-18,Truecaller,Amz Pay Q3 23,Amz Pay Q3 23,Amazon Apay_PUNE_W1 to W4 - 14th Oct to 10th Nov,PUNE,7418,87
2023-10-18,Truecaller,Amz Pay Q3 23,Amz Pay Q3 23,Amazon Apay_PUNE_W1 to W4 - 14th Oct to 10th Nov,PUNE,7691,88
2023-10-18,Truecaller,Amz Pay Q3 23,Amz Pay Q3 23,Amazon Apay_PUNE_W1 to W4 - 14th Oct to 10th Nov,PUNE,7514,83
2023-10-14,Truecaller,Amz Pay Q3 23,Amz Pay Q3 23,Amazon Apay_JAIPUR_ W1 to W4 - 14th Oct to 10th Nov,JAIPUR,4945,50
2023-10-14,Truecaller,Amz Pay Q3 23,Amz Pay Q3 23,Amazon Apay_JAIPUR_ W1 to W4 - 14th Oct to 10th Nov,JAIPUR,4596,45
2023-10-14,Truecaller,Amz Pay Q3 23,Amz Pay Q3 23,Amazon Apay_JAIPUR_ W1 to W4 - 14th Oct to 10th Nov,JAIPUR,4864,47
2023-10-14,Truecaller,Amz Pay Q3 23,Amz Pay Q3 23,Amazon Apay_JAIPUR_ W1 to W4 - 14th Oct to 10th Nov,JAIPUR,4997,51
2023-10-15,Truecaller,Amz Pay Q3 23,Amz Pay Q3 23,Amazon Apay_JAIPUR_ W1 to W4 - 14th Oct to 10th Nov,JAIPUR,3930,39
2023-10-15,Truecaller,Amz Pay Q3 23,Amz Pay Q3 23,Amazon Apay_JAIPUR_ W1 to W4 - 14th Oct to 10th Nov,JAIPUR,3789,38
2023-10-15,Truecaller,Amz Pay Q3 23,Amz Pay Q3 23,Amazon Apay_JAIPUR_ W1 to W4 - 14th Oct to 10th Nov,JAIPUR,3965,48
2023-10-15,Truecaller,Amz Pay Q3 23,Amz Pay Q3 23,Amazon Apay_JAIPUR_ W1 to W4 - 14th Oct to 10th Nov,JAIPUR,35588,422
2023-10-16,Truecaller,Amz Pay Q3 23,Amz Pay Q3 23,Amazon Apay_JAIPUR_ W1 to W4 - 14th Oct to 10th Nov,JAIPUR,3040,34
2023-10-16,Truecaller,Amz Pay Q3 23,Amz Pay Q3 23,Amazon Apay_JAIPUR_ W1 to W4 - 14th Oct to 10th Nov,JAIPUR,2993,41
2023-10-16,Truecaller,Amz Pay Q3 23,Amz Pay Q3 23,Amazon Apay_JAIPUR_ W1 to W4 - 14th Oct to 10th Nov,JAIPUR,3023,29
2023-10-16,Truecaller,Amz Pay Q3 23,Amz Pay Q3 23,Amazon Apay_JAIPUR_ W1 to W4 - 14th Oct to 10th Nov,JAIPUR,26983,338
2023-10-17,Truecaller,Amz Pay Q3 23,Amz Pay Q3 23,Amazon Apay_JAIPUR_ W1 to W4 - 14th Oct to 10th Nov,JAIPUR,2928,30
2023-10-17,Truecaller,Amz Pay Q3 23,Amz Pay Q3 23,Amazon Apay_JAIPUR_ W1 to W4 - 14th Oct to 10th Nov,JAIPUR,2819,35
2023-10-17,Truecaller,Amz Pay Q3 23,Amz Pay Q3 23,Amazon Apay_JAIPUR_ W1 to W4 - 14th Oct to 10th Nov,JAIPUR,2859,32
2023-10-17,Truecaller,Amz Pay Q3 23,Amz Pay Q3 23,Amazon Apay_JAIPUR_ W1 to W4 - 14th Oct to 10th Nov,JAIPUR,26194,308
2023-10-18,Truecaller,Amz Pay Q3 23,Amz Pay Q3 23,Amazon Apay_JAIPUR_ W1 to W4 - 14th Oct to 10th Nov,JAIPUR,2860,25
2023-10-18,Truecaller,Amz Pay Q3 23,Amz Pay Q3 23,Amazon Apay_JAIPUR_ W1 to W4 - 14th Oct to 10th Nov,JAIPUR,2797,24
2023-10-18,Truecaller,Amz Pay Q3 23,Amz Pay Q3 23,Amazon Apay_JAIPUR_ W1 to W4 - 14th Oct to 10th Nov,JAIPUR,2808,42
2023-10-18,Truecaller,Amz Pay Q3 23,Amz Pay Q3 23,Amazon Apay_JAIPUR_ W1 to W4 - 14th Oct to 10th Nov,JAIPUR,25442,321
2023-10-14,Truecaller,Amz Pay Q3 23,Amz Pay Q3 23,Amazon Apay_TIRUVANTAPURAM_W1 to W4 - 14th Oct to 10th Nov,,1941,30
2023-10-14,Truecaller,Amz Pay Q3 23,Amz Pay Q3 23,Amazon Apay_TIRUVANTAPURAM_W1 to W4 - 14th Oct to 10th Nov,,1937,23
2023-10-14,Truecaller,Amz Pay Q3 23,Amz Pay Q3 23,Amazon Apay_TIRUVANTAPURAM_W1 to W4 - 14th Oct to 10th Nov,,2536,36
2023-10-14,Truecaller,Amz Pay Q3 23,Amz Pay Q3 23,Amazon Apay_TIRUVANTAPURAM_W1 to W4 - 14th Oct to 10th Nov,,1903,30
2023-10-15,Truecaller,Amz Pay Q3 23,Amz Pay Q3 23,Amazon Apay_TIRUVANTAPURAM_W1 to W4 - 14th Oct to 10th Nov,,10430,121
2023-10-15,Truecaller,Amz Pay Q3 23,Amz Pay Q3 23,Amazon Apay_TIRUVANTAPURAM_W1 to W4 - 14th Oct to 10th Nov,,2883,37
2023-10-15,Truecaller,Amz Pay Q3 23,Amz Pay Q3 23,Amazon Apay_TIRUVANTAPURAM_W1 to W4 - 14th Oct to 10th Nov,,11616,155
2023-10-15,Truecaller,Amz Pay Q3 23,Amz Pay Q3 23,Amazon Apay_TIRUVANTAPURAM_W1 to W4 - 14th Oct to 10th Nov,,7006,79
2023-10-16,Truecaller,Amz Pay Q3 23,Amz Pay Q3 23,Amazon Apay_TIRUVANTAPURAM_W1 to W4 - 14th Oct to 10th Nov,,1766,17
2023-10-16,Truecaller,Amz Pay Q3 23,Amz Pay Q3 23,Amazon Apay_TIRUVANTAPURAM_W1 to W4 - 14th Oct to 10th Nov,,5138,64
2023-10-16,Truecaller,Amz Pay Q3 23,Amz Pay Q3 23,Amazon Apay_TIRUVANTAPURAM_W1 to W4 - 14th Oct to 10th Nov,,12982,158
2023-10-16,Truecaller,Amz Pay Q3 23,Amz Pay Q3 23,Amazon Apay_TIRUVANTAPURAM_W1 to W4 - 14th Oct to 10th Nov,,1744,23
2023-10-17,Truecaller,Amz Pay Q3 23,Amz Pay Q3 23,Amazon Apay_TIRUVANTAPURAM_W1 to W4 - 14th Oct to 10th Nov,,1736,22
2023-10-17,Truecaller,Amz Pay Q3 23,Amz Pay Q3 23,Amazon Apay_TIRUVANTAPURAM_W1 to W4 - 14th Oct to 10th Nov,,1793,17
2023-10-17,Truecaller,Amz Pay Q3 23,Amz Pay Q3 23,Amazon Apay_TIRUVANTAPURAM_W1 to W4 - 14th Oct to 10th Nov,,15845,200
2023-10-17,Truecaller,Amz Pay Q3 23,Amz Pay Q3 23,Amazon Apay_TIRUVANTAPURAM_W1 to W4 - 14th Oct to 10th Nov,,1756,12
2023-10-18,Truecaller,Amz Pay Q3 23,Amz Pay Q3 23,Amazon Apay_TIRUVANTAPURAM_W1 to W4 - 14th Oct to 10th Nov,,1663,17
2023-10-18,Truecaller,Amz Pay Q3 23,Amz Pay Q3 23,Amazon Apay_TIRUVANTAPURAM_W1 to W4 - 14th Oct to 10th Nov,,8753,145
2023-10-18,Truecaller,Amz Pay Q3 23,Amz Pay Q3 23,Amazon Apay_TIRUVANTAPURAM_W1 to W4 - 14th Oct to 10th Nov,,7876,84
2023-10-18,Truecaller,Amz Pay Q3 23,Amz Pay Q3 23,Amazon Apay_TIRUVANTAPURAM_W1 to W4 - 14th Oct to 10th Nov,,1661,17
2023-10-14,Truecaller,Amz Pay Q3 23,Amz Pay Q3 23,Amazon Apay_MUMBAI_W1 to W4 - 14th Oct to 10th Nov,MUMBAI,16288,248
2023-10-14,Truecaller,Amz Pay Q3 23,Amz Pay Q3 23,Amazon Apay_MUMBAI_W1 to W4 - 14th Oct to 10th Nov,MUMBAI,16299,219
2023-10-14,Truecaller,Amz Pay Q3 23,Amz Pay Q3 23,Amazon Apay_MUMBAI_W1 to W4 - 14th Oct to 10th Nov,MUMBAI,18972,281
2023-10-14,Truecaller,Amz Pay Q3 23,Amz Pay Q3 23,Amazon Apay_MUMBAI_W1 to W4 - 14th Oct to 10th Nov,MUMBAI,16066,234
2023-10-15,Truecaller,Amz Pay Q3 23,Amz Pay Q3 23,Amazon Apay_MUMBAI_W1 to W4 - 14th Oct to 10th Nov,MUMBAI,59670,844
2023-10-15,Truecaller,Amz Pay Q3 23,Amz Pay Q3 23,Amazon Apay_MUMBAI_W1 to W4 - 14th Oct to 10th Nov,MUMBAI,22292,252
2023-10-15,Truecaller,Amz Pay Q3 23,Amz Pay Q3 23,Amazon Apay_MUMBAI_W1 to W4 - 14th Oct to 10th Nov,MUMBAI,143653,2117
2023-10-15,Truecaller,Amz Pay Q3 23,Amz Pay Q3 23,Amazon Apay_MUMBAI_W1 to W4 - 14th Oct to 10th Nov,MUMBAI,46826,585
2023-10-16,Truecaller,Amz Pay Q3 23,Amz Pay Q3 23,Amazon Apay_MUMBAI_W1 to W4 - 14th Oct to 10th Nov,MUMBAI,20048,281
2023-10-16,Truecaller,Amz Pay Q3 23,Amz Pay Q3 23,Amazon Apay_MUMBAI_W1 to W4 - 14th Oct to 10th Nov,MUMBAI,14414,179
2023-10-16,Truecaller,Amz Pay Q3 23,Amz Pay Q3 23,Amazon Apay_MUMBAI_W1 to W4 - 14th Oct to 10th Nov,MUMBAI,129573,1781
2023-10-16,Truecaller,Amz Pay Q3 23,Amz Pay Q3 23,Amazon Apay_MUMBAI_W1 to W4 - 14th Oct to 10th Nov,MUMBAI,14481,189
2023-10-17,Truecaller,Amz Pay Q3 23,Amz Pay Q3 23,Amazon Apay_MUMBAI_W1 to W4 - 14th Oct to 10th Nov,MUMBAI,29589,372
2023-10-17,Truecaller,Amz Pay Q3 23,Amz Pay Q3 23,Amazon Apay_MUMBAI_W1 to W4 - 14th Oct to 10th Nov,MUMBAI,14238,196
2023-10-17,Truecaller,Amz Pay Q3 23,Amz Pay Q3 23,Amazon Apay_MUMBAI_W1 to W4 - 14th Oct to 10th Nov,MUMBAI,116162,1571
2023-10-17,Truecaller,Amz Pay Q3 23,Amz Pay Q3 23,Amazon Apay_MUMBAI_W1 to W4 - 14th Oct to 10th Nov,MUMBAI,14176,168
2023-10-18,Truecaller,Amz Pay Q3 23,Amz Pay Q3 23,Amazon Apay_MUMBAI_W1 to W4 - 14th Oct to 10th Nov,MUMBAI,14334,198
2023-10-18,Truecaller,Amz Pay Q3 23,Amz Pay Q3 23,Amazon Apay_MUMBAI_W1 to W4 - 14th Oct to 10th Nov,MUMBAI,13986,161
2023-10-18,Truecaller,Amz Pay Q3 23,Amz Pay Q3 23,Amazon Apay_MUMBAI_W1 to W4 - 14th Oct to 10th Nov,MUMBAI,128982,1733
2023-10-18,Truecaller,Amz Pay Q3 23,Amz Pay Q3 23,Amazon Apay_MUMBAI_W1 to W4 - 14th Oct to 10th Nov,MUMBAI,13531,163
2023-10-14,Truecaller,Amz Pay Q3 23,Amz Pay Q3 23,Amazon Apay_DELHI NCR_W1 to W4 - 14th Oct to 10th Nov,DELHI NCR,42965,628
2023-10-14,Truecaller,Amz Pay Q3 23,Amz Pay Q3 23,Amazon Apay_DELHI NCR_W1 to W4 - 14th Oct to 10th Nov,DELHI NCR,34326,450
2023-10-14,Truecaller,Amz Pay Q3 23,Amz Pay Q3 23,Amazon Apay_DELHI NCR_W1 to W4 - 14th Oct to 10th Nov,DELHI NCR,34836,459
2023-10-14,Truecaller,Amz Pay Q3 23,Amz Pay Q3 23,Amazon Apay_DELHI NCR_W1 to W4 - 14th Oct to 10th Nov,DELHI NCR,34775,471
2023-10-15,Truecaller,Amz Pay Q3 23,Amz Pay Q3 23,Amazon Apay_DELHI NCR_W1 to W4 - 14th Oct to 10th Nov,DELHI NCR,359137,4904
2023-10-15,Truecaller,Amz Pay Q3 23,Amz Pay Q3 23,Amazon Apay_DELHI NCR_W1 to W4 - 14th Oct to 10th Nov,DELHI NCR,46117,571
2023-10-15,Truecaller,Amz Pay Q3 23,Amz Pay Q3 23,Amazon Apay_DELHI NCR_W1 to W4 - 14th Oct to 10th Nov,DELHI NCR,46749,599
2023-10-15,Truecaller,Amz Pay Q3 23,Amz Pay Q3 23,Amazon Apay_DELHI NCR_W1 to W4 - 14th Oct to 10th Nov,DELHI NCR,114093,1547
2023-10-16,Truecaller,Amz Pay Q3 23,Amz Pay Q3 23,Amazon Apay_DELHI NCR_W1 to W4 - 14th Oct to 10th Nov,DELHI NCR,284432,3990
2023-10-16,Truecaller,Amz Pay Q3 23,Amz Pay Q3 23,Amazon Apay_DELHI NCR_W1 to W4 - 14th Oct to 10th Nov,DELHI NCR,30445,392
2023-10-16,Truecaller,Amz Pay Q3 23,Amz Pay Q3 23,Amazon Apay_DELHI NCR_W1 to W4 - 14th Oct to 10th Nov,DELHI NCR,30800,385
2023-10-16,Truecaller,Amz Pay Q3 23,Amz Pay Q3 23,Amazon Apay_DELHI NCR_W1 to W4 - 14th Oct to 10th Nov,DELHI NCR,31185,426
2023-10-17,Truecaller,Amz Pay Q3 23,Amz Pay Q3 23,Amazon Apay_DELHI NCR_W1 to W4 - 14th Oct to 10th Nov,DELHI NCR,274467,3870
2023-10-17,Truecaller,Amz Pay Q3 23,Amz Pay Q3 23,Amazon Apay_DELHI NCR_W1 to W4 - 14th Oct to 10th Nov,DELHI NCR,29445,392
2023-10-17,Truecaller,Amz Pay Q3 23,Amz Pay Q3 23,Amazon Apay_DELHI NCR_W1 to W4 - 14th Oct to 10th Nov,DELHI NCR,29610,407
2023-10-17,Truecaller,Amz Pay Q3 23,Amz Pay Q3 23,Amazon Apay_DELHI NCR_W1 to W4 - 14th Oct to 10th Nov,DELHI NCR,29814,356
2023-10-18,Truecaller,Amz Pay Q3 23,Amz Pay Q3 23,Amazon Apay_DELHI NCR_W1 to W4 - 14th Oct to 10th Nov,DELHI NCR,159714,2451
2023-10-18,Truecaller,Amz Pay Q3 23,Amz Pay Q3 23,Amazon Apay_DELHI NCR_W1 to W4 - 14th Oct to 10th Nov,DELHI NCR,16523,199
2023-10-18,Truecaller,Amz Pay Q3 23,Amz Pay Q3 23,Amazon Apay_DELHI NCR_W1 to W4 - 14th Oct to 10th Nov,DELHI NCR,16924,209
2023-10-18,Truecaller,Amz Pay Q3 23,Amz Pay Q3 23,Amazon Apay_DELHI NCR_W1 to W4 - 14th Oct to 10th Nov,DELHI NCR,16889,209
2023-10-14,Truecaller,Amz Pay Q3 23,Amz Pay Q3 23,Amazon Apay_HYDRABAD_W1 to W4 - 14th Oct to 10th Nov,,11438,160
2023-10-14,Truecaller,Amz Pay Q3 23,Amz Pay Q3 23,Amazon Apay_HYDRABAD_W1 to W4 - 14th Oct to 10th Nov,,11685,146
2023-10-14,Truecaller,Amz Pay Q3 23,Amz Pay Q3 23,Amazon Apay_HYDRABAD_W1 to W4 - 14th Oct to 10th Nov,,11247,133
2023-10-14,Truecaller,Amz Pay Q3 23,Amz Pay Q3 23,Amazon Apay_HYDRABAD_W1 to W4 - 14th Oct to 10th Nov,,11676,136
2023-10-15,Truecaller,Amz Pay Q3 23,Amz Pay Q3 23,Amazon Apay_HYDRABAD_W1 to W4 - 14th Oct to 10th Nov,,51005,630
2023-10-15,Truecaller,Amz Pay Q3 23,Amz Pay Q3 23,Amazon Apay_HYDRABAD_W1 to W4 - 14th Oct to 10th Nov,,55336,738
2023-10-15,Truecaller,Amz Pay Q3 23,Amz Pay Q3 23,Amazon Apay_HYDRABAD_W1 to W4 - 14th Oct to 10th Nov,,10478,131
2023-10-15,Truecaller,Amz Pay Q3 23,Amz Pay Q3 23,Amazon Apay_HYDRABAD_W1 to W4 - 14th Oct to 10th Nov,,10595,120
2023-10-16,Truecaller,Amz Pay Q3 23,Amz Pay Q3 23,Amazon Apay_HYDRABAD_W1 to W4 - 14th Oct to 10th Nov,,25297,303
2023-10-16,Truecaller,Amz Pay Q3 23,Amz Pay Q3 23,Amazon Apay_HYDRABAD_W1 to W4 - 14th Oct to 10th Nov,,53070,607
2023-10-16,Truecaller,Amz Pay Q3 23,Amz Pay Q3 23,Amazon Apay_HYDRABAD_W1 to W4 - 14th Oct to 10th Nov,,7613,90
2023-10-16,Truecaller,Amz Pay Q3 23,Amz Pay Q3 23,Amazon Apay_HYDRABAD_W1 to W4 - 14th Oct to 10th Nov,,7754,87
2023-10-17,Truecaller,Amz Pay Q3 23,Amz Pay Q3 23,Amazon Apay_HYDRABAD_W1 to W4 - 14th Oct to 10th Nov,,19468,210
2023-10-17,Truecaller,Amz Pay Q3 23,Amz Pay Q3 23,Amazon Apay_HYDRABAD_W1 to W4 - 14th Oct to 10th Nov,,55882,711
2023-10-17,Truecaller,Amz Pay Q3 23,Amz Pay Q3 23,Amazon Apay_HYDRABAD_W1 to W4 - 14th Oct to 10th Nov,,7306,83
2023-10-17,Truecaller,Amz Pay Q3 23,Amz Pay Q3 23,Amazon Apay_HYDRABAD_W1 to W4 - 14th Oct to 10th Nov,,7552,86
2023-10-18,Truecaller,Amz Pay Q3 23,Amz Pay Q3 23,Amazon Apay_HYDRABAD_W1 to W4 - 14th Oct to 10th Nov,,7335,84
2023-10-18,Truecaller,Amz Pay Q3 23,Amz Pay Q3 23,Amazon Apay_HYDRABAD_W1 to W4 - 14th Oct to 10th Nov,,45368,532
2023-10-18,Truecaller,Amz Pay Q3 23,Amz Pay Q3 23,Amazon Apay_HYDRABAD_W1 to W4 - 14th Oct to 10th Nov,,28124,367
2023-10-18,Truecaller,Amz Pay Q3 23,Amz Pay Q3 23,Amazon Apay_HYDRABAD_W1 to W4 - 14th Oct to 10th Nov,,7412,69
2023-10-14,Truecaller,Amz Pay Q3 23,Amz Pay Q3 23,Amazon Apay_AHEMADABAD_ W1 to W4 - 14th Oct to 10th Nov,,9312,131
2023-10-14,Truecaller,Amz Pay Q3 23,Amz Pay Q3 23,Amazon Apay_AHEMADABAD_ W1 to W4 - 14th Oct to 10th Nov,,9372,122
2023-10-14,Truecaller,Amz Pay Q3 23,Amz Pay Q3 23,Amazon Apay_AHEMADABAD_ W1 to W4 - 14th Oct to 10th Nov,,9056,113
2023-10-14,Truecaller,Amz Pay Q3 23,Amz Pay Q3 23,Amazon Apay_AHEMADABAD_ W1 to W4 - 14th Oct to 10th Nov,,9364,93
2023-10-15,Truecaller,Amz Pay Q3 23,Amz Pay Q3 23,Amazon Apay_AHEMADABAD_ W1 to W4 - 14th Oct to 10th Nov,,51454,657
2023-10-15,Truecaller,Amz Pay Q3 23,Amz Pay Q3 23,Amazon Apay_AHEMADABAD_ W1 to W4 - 14th Oct to 10th Nov,,5758,64
2023-10-15,Truecaller,Amz Pay Q3 23,Amz Pay Q3 23,Amazon Apay_AHEMADABAD_ W1 to W4 - 14th Oct to 10th Nov,,5464,65
2023-10-15,Truecaller,Amz Pay Q3 23,Amz Pay Q3 23,Amazon Apay_AHEMADABAD_ W1 to W4 - 14th Oct to 10th Nov,,5759,70
2023-10-16,Truecaller,Amz Pay Q3 23,Amz Pay Q3 23,Amazon Apay_AHEMADABAD_ W1 to W4 - 14th Oct to 10th Nov,,42964,503
2023-10-16,Truecaller,Amz Pay Q3 23,Amz Pay Q3 23,Amazon Apay_AHEMADABAD_ W1 to W4 - 14th Oct to 10th Nov,,4675,57
2023-10-16,Truecaller,Amz Pay Q3 23,Amz Pay Q3 23,Amazon Apay_AHEMADABAD_ W1 to W4 - 14th Oct to 10th Nov,,4690,57
2023-10-16,Truecaller,Amz Pay Q3 23,Amz Pay Q3 23,Amazon Apay_AHEMADABAD_ W1 to W4 - 14th Oct to 10th Nov,,4570,57
2023-10-17,Truecaller,Amz Pay Q3 23,Amz Pay Q3 23,Amazon Apay_AHEMADABAD_ W1 to W4 - 14th Oct to 10th Nov,,40974,536
2023-10-17,Truecaller,Amz Pay Q3 23,Amz Pay Q3 23,Amazon Apay_AHEMADABAD_ W1 to W4 - 14th Oct to 10th Nov,,4603,53
2023-10-17,Truecaller,Amz Pay Q3 23,Amz Pay Q3 23,Amazon Apay_AHEMADABAD_ W1 to W4 - 14th Oct to 10th Nov,,5058,67
2023-10-17,Truecaller,Amz Pay Q3 23,Amz Pay Q3 23,Amazon Apay_AHEMADABAD_ W1 to W4 - 14th Oct to 10th Nov,,4580,52
2023-10-18,Truecaller,Amz Pay Q3 23,Amz Pay Q3 23,Amazon Apay_AHEMADABAD_ W1 to W4 - 14th Oct to 10th Nov,,40354,522
2023-10-18,Truecaller,Amz Pay Q3 23,Amz Pay Q3 23,Amazon Apay_AHEMADABAD_ W1 to W4 - 14th Oct to 10th Nov,,4523,65
2023-10-18,Truecaller,Amz Pay Q3 23,Amz Pay Q3 23,Amazon Apay_AHEMADABAD_ W1 to W4 - 14th Oct to 10th Nov,,4425,42
2023-10-18,Truecaller,Amz Pay Q3 23,Amz Pay Q3 23,Amazon Apay_AHEMADABAD_ W1 to W4 - 14th Oct to 10th Nov,,4476,35
2023-10-14,Truecaller,Amz Pay Q3 23,Amz Pay Q3 23,Amazon Apay_RO Karnataka _W1 to W4 - 14th Oct to 10th Nov,RO Karnataka ,7924,101
2023-10-14,Truecaller,Amz Pay Q3 23,Amz Pay Q3 23,Amazon Apay_RO Karnataka _W1 to W4 - 14th Oct to 10th Nov,RO Karnataka ,9807,137
2023-10-14,Truecaller,Amz Pay Q3 23,Amz Pay Q3 23,Amazon Apay_RO Karnataka _W1 to W4 - 14th Oct to 10th Nov,RO Karnataka ,7865,98
2023-10-14,Truecaller,Amz Pay Q3 23,Amz Pay Q3 23,Amazon Apay_RO Karnataka _W1 to W4 - 14th Oct to 10th Nov,RO Karnataka ,7835,100
2023-10-15,Truecaller,Amz Pay Q3 23,Amz Pay Q3 23,Amazon Apay_RO Karnataka _W1 to W4 - 14th Oct to 10th Nov,RO Karnataka ,10822,147
2023-10-15,Truecaller,Amz Pay Q3 23,Amz Pay Q3 23,Amazon Apay_RO Karnataka _W1 to W4 - 14th Oct to 10th Nov,RO Karnataka ,67242,888
2023-10-15,Truecaller,Amz Pay Q3 23,Amz Pay Q3 23,Amazon Apay_RO Karnataka _W1 to W4 - 14th Oct to 10th Nov,RO Karnataka ,10793,149
2023-10-15,Truecaller,Amz Pay Q3 23,Amz Pay Q3 23,Amazon Apay_RO Karnataka _W1 to W4 - 14th Oct to 10th Nov,RO Karnataka ,40664,536
2023-10-16,Truecaller,Amz Pay Q3 23,Amz Pay Q3 23,Amazon Apay_RO Karnataka _W1 to W4 - 14th Oct to 10th Nov,RO Karnataka ,29028,368
2023-10-16,Truecaller,Amz Pay Q3 23,Amz Pay Q3 23,Amazon Apay_RO Karnataka _W1 to W4 - 14th Oct to 10th Nov,RO Karnataka ,34827,460
2023-10-16,Truecaller,Amz Pay Q3 23,Amz Pay Q3 23,Amazon Apay_RO Karnataka _W1 to W4 - 14th Oct to 10th Nov,RO Karnataka ,16893,221
2023-10-16,Truecaller,Amz Pay Q3 23,Amz Pay Q3 23,Amazon Apay_RO Karnataka _W1 to W4 - 14th Oct to 10th Nov,RO Karnataka ,7398,87
2023-10-17,Truecaller,Amz Pay Q3 23,Amz Pay Q3 23,Amazon Apay_RO Karnataka _W1 to W4 - 14th Oct to 10th Nov,RO Karnataka ,7168,76
2023-10-17,Truecaller,Amz Pay Q3 23,Amz Pay Q3 23,Amazon Apay_RO Karnataka _W1 to W4 - 14th Oct to 10th Nov,RO Karnataka ,49587,615
2023-10-17,Truecaller,Amz Pay Q3 23,Amz Pay Q3 23,Amazon Apay_RO Karnataka _W1 to W4 - 14th Oct to 10th Nov,RO Karnataka ,22018,274
2023-10-17,Truecaller,Amz Pay Q3 23,Amz Pay Q3 23,Amazon Apay_RO Karnataka _W1 to W4 - 14th Oct to 10th Nov,RO Karnataka ,7147,86
2023-10-18,Truecaller,Amz Pay Q3 23,Amz Pay Q3 23,Amazon Apay_RO Karnataka _W1 to W4 - 14th Oct to 10th Nov,RO Karnataka ,5361,63
2023-10-18,Truecaller,Amz Pay Q3 23,Amz Pay Q3 23,Amazon Apay_RO Karnataka _W1 to W4 - 14th Oct to 10th Nov,RO Karnataka ,40513,536
2023-10-18,Truecaller,Amz Pay Q3 23,Amz Pay Q3 23,Amazon Apay_RO Karnataka _W1 to W4 - 14th Oct to 10th Nov,RO Karnataka ,5221,64
2023-10-18,Truecaller,Amz Pay Q3 23,Amz Pay Q3 23,Amazon Apay_RO Karnataka _W1 to W4 - 14th Oct to 10th Nov,RO Karnataka ,12966,164
2023-10-14,Truecaller,Amz Pay Q3 23,Amz Pay Q3 23,"Amazon Apay_RO Maharashtra _Week 4,5&6 - 8th to 28th Sept",,25236,352
2023-10-14,Truecaller,Amz Pay Q3 23,Amz Pay Q3 23,"Amazon Apay_RO Maharashtra _Week 4,5&6 - 8th to 28th Sept",,25112,353
2023-10-14,Truecaller,Amz Pay Q3 23,Amz Pay Q3 23,"Amazon Apay_RO Maharashtra _Week 4,5&6 - 8th to 28th Sept",,26228,333
2023-10-14,Truecaller,Amz Pay Q3 23,Amz Pay Q3 23,"Amazon Apay_RO Maharashtra _Week 4,5&6 - 8th to 28th Sept",,33417,517
2023-10-15,Truecaller,Amz Pay Q3 23,Amz Pay Q3 23,"Amazon Apay_RO Maharashtra _Week 4,5&6 - 8th to 28th Sept",,100942,1358
2023-10-15,Truecaller,Amz Pay Q3 23,Amz Pay Q3 23,"Amazon Apay_RO Maharashtra _Week 4,5&6 - 8th to 28th Sept",,36457,463
2023-10-15,Truecaller,Amz Pay Q3 23,Amz Pay Q3 23,"Amazon Apay_RO Maharashtra _Week 4,5&6 - 8th to 28th Sept",,36740,476
2023-10-15,Truecaller,Amz Pay Q3 23,Amz Pay Q3 23,"Amazon Apay_RO Maharashtra _Week 4,5&6 - 8th to 28th Sept",,259964,3465
2023-10-16,Truecaller,Amz Pay Q3 23,Amz Pay Q3 23,"Amazon Apay_RO Maharashtra _Week 4,5&6 - 8th to 28th Sept",,33154,403
2023-10-16,Truecaller,Amz Pay Q3 23,Amz Pay Q3 23,"Amazon Apay_RO Maharashtra _Week 4,5&6 - 8th to 28th Sept",,23615,334
2023-10-16,Truecaller,Amz Pay Q3 23,Amz Pay Q3 23,"Amazon Apay_RO Maharashtra _Week 4,5&6 - 8th to 28th Sept",,24217,301
2023-10-16,Truecaller,Amz Pay Q3 23,Amz Pay Q3 23,"Amazon Apay_RO Maharashtra _Week 4,5&6 - 8th to 28th Sept",,203292,2749
2023-10-17,Truecaller,Amz Pay Q3 23,Amz Pay Q3 23,"Amazon Apay_RO Maharashtra _Week 4,5&6 - 8th to 28th Sept",,23473,263
2023-10-17,Truecaller,Amz Pay Q3 23,Amz Pay Q3 23,"Amazon Apay_RO Maharashtra _Week 4,5&6 - 8th to 28th Sept",,42048,534
2023-10-17,Truecaller,Amz Pay Q3 23,Amz Pay Q3 23,"Amazon Apay_RO Maharashtra _Week 4,5&6 - 8th to 28th Sept",,24200,329
2023-10-17,Truecaller,Amz Pay Q3 23,Amz Pay Q3 23,"Amazon Apay_RO Maharashtra _Week 4,5&6 - 8th to 28th Sept",,192860,2562
2023-10-18,Truecaller,Amz Pay Q3 23,Amz Pay Q3 23,"Amazon Apay_RO Maharashtra _Week 4,5&6 - 8th to 28th Sept",,22871,278
2023-10-18,Truecaller,Amz Pay Q3 23,Amz Pay Q3 23,"Amazon Apay_RO Maharashtra _Week 4,5&6 - 8th to 28th Sept",,27328,357
2023-10-18,Truecaller,Amz Pay Q3 23,Amz Pay Q3 23,"Amazon Apay_RO Maharashtra _Week 4,5&6 - 8th to 28th Sept",,23712,313
2023-10-18,Truecaller,Amz Pay Q3 23,Amz Pay Q3 23,"Amazon Apay_RO Maharashtra _Week 4,5&6 - 8th to 28th Sept",,203759,2545
2023-10-14,Truecaller,Amz Pay Q3 23,Amz Pay Q3 23,Amazon Apay_RO Anadhra + Telangana_W1 to W4 - 14th Oct to 10th Nov,,10078,135
2023-10-14,Truecaller,Amz Pay Q3 23,Amz Pay Q3 23,Amazon Apay_RO Anadhra + Telangana_W1 to W4 - 14th Oct to 10th Nov,,22879,322
2023-10-14,Truecaller,Amz Pay Q3 23,Amz Pay Q3 23,Amazon Apay_RO Anadhra + Telangana_W1 to W4 - 14th Oct to 10th Nov,,10430,128
2023-10-14,Truecaller,Amz Pay Q3 23,Amz Pay Q3 23,Amazon Apay_RO Anadhra + Telangana_W1 to W4 - 14th Oct to 10th Nov,,10246,146
2023-10-15,Truecaller,Amz Pay Q3 23,Amz Pay Q3 23,Amazon Apay_RO Anadhra + Telangana_W1 to W4 - 14th Oct to 10th Nov,,27584,359
2023-10-15,Truecaller,Amz Pay Q3 23,Amz Pay Q3 23,Amazon Apay_RO Anadhra + Telangana_W1 to W4 - 14th Oct to 10th Nov,,40216,499
2023-10-15,Truecaller,Amz Pay Q3 23,Amz Pay Q3 23,Amazon Apay_RO Anadhra + Telangana_W1 to W4 - 14th Oct to 10th Nov,,13260,150
2023-10-15,Truecaller,Amz Pay Q3 23,Amz Pay Q3 23,Amazon Apay_RO Anadhra + Telangana_W1 to W4 - 14th Oct to 10th Nov,,75342,994
2023-10-16,Truecaller,Amz Pay Q3 23,Amz Pay Q3 23,Amazon Apay_RO Anadhra + Telangana_W1 to W4 - 14th Oct to 10th Nov,,14071,180
2023-10-16,Truecaller,Amz Pay Q3 23,Amz Pay Q3 23,Amazon Apay_RO Anadhra + Telangana_W1 to W4 - 14th Oct to 10th Nov,,9001,109
2023-10-16,Truecaller,Amz Pay Q3 23,Amz Pay Q3 23,Amazon Apay_RO Anadhra + Telangana_W1 to W4 - 14th Oct to 10th Nov,,9249,125
2023-10-16,Truecaller,Amz Pay Q3 23,Amz Pay Q3 23,Amazon Apay_RO Anadhra + Telangana_W1 to W4 - 14th Oct to 10th Nov,,75973,988
2023-10-17,Truecaller,Amz Pay Q3 23,Amz Pay Q3 23,Amazon Apay_RO Anadhra + Telangana_W1 to W4 - 14th Oct to 10th Nov,,17035,201
2023-10-17,Truecaller,Amz Pay Q3 23,Amz Pay Q3 23,Amazon Apay_RO Anadhra + Telangana_W1 to W4 - 14th Oct to 10th Nov,,8815,91
2023-10-17,Truecaller,Amz Pay Q3 23,Amz Pay Q3 23,Amazon Apay_RO Anadhra + Telangana_W1 to W4 - 14th Oct to 10th Nov,,9195,110
2023-10-17,Truecaller,Amz Pay Q3 23,Amz Pay Q3 23,Amazon Apay_RO Anadhra + Telangana_W1 to W4 - 14th Oct to 10th Nov,,73114,849
2023-10-18,Truecaller,Amz Pay Q3 23,Amz Pay Q3 23,Amazon Apay_RO Anadhra + Telangana_W1 to W4 - 14th Oct to 10th Nov,,40936,485
2023-10-18,Truecaller,Amz Pay Q3 23,Amz Pay Q3 23,Amazon Apay_RO Anadhra + Telangana_W1 to W4 - 14th Oct to 10th Nov,,8875,109
2023-10-18,Truecaller,Amz Pay Q3 23,Amz Pay Q3 23,Amazon Apay_RO Anadhra + Telangana_W1 to W4 - 14th Oct to 10th Nov,,8996,110
2023-10-18,Truecaller,Amz Pay Q3 23,Amz Pay Q3 23,Amazon Apay_RO Anadhra + Telangana_W1 to W4 - 14th Oct to 10th Nov,,47438,564
2023-10-14,Truecaller,Amz Pay Q3 23,Amz Pay Q3 23,Amazon Apay_ERNAMKULAM_W1 to W4 - 14th Oct to 10th Nov,ERNAMKULAM,3681,48
2023-10-14,Truecaller,Amz Pay Q3 23,Amz Pay Q3 23,Amazon Apay_ERNAMKULAM_W1 to W4 - 14th Oct to 10th Nov,ERNAMKULAM,3805,51
2023-10-14,Truecaller,Amz Pay Q3 23,Amz Pay Q3 23,Amazon Apay_ERNAMKULAM_W1 to W4 - 14th Oct to 10th Nov,ERNAMKULAM,3895,48
2023-10-14,Truecaller,Amz Pay Q3 23,Amz Pay Q3 23,Amazon Apay_ERNAMKULAM_W1 to W4 - 14th Oct to 10th Nov,ERNAMKULAM,4164,60
2023-10-15,Truecaller,Amz Pay Q3 23,Amz Pay Q3 23,Amazon Apay_ERNAMKULAM_W1 to W4 - 14th Oct to 10th Nov,ERNAMKULAM,4888,53
2023-10-15,Truecaller,Amz Pay Q3 23,Amz Pay Q3 23,Amazon Apay_ERNAMKULAM_W1 to W4 - 14th Oct to 10th Nov,ERNAMKULAM,9657,121
2023-10-15,Truecaller,Amz Pay Q3 23,Amz Pay Q3 23,Amazon Apay_ERNAMKULAM_W1 to W4 - 14th Oct to 10th Nov,ERNAMKULAM,15812,207
2023-10-15,Truecaller,Amz Pay Q3 23,Amz Pay Q3 23,Amazon Apay_ERNAMKULAM_W1 to W4 - 14th Oct to 10th Nov,ERNAMKULAM,30450,383
2023-10-16,Truecaller,Amz Pay Q3 23,Amz Pay Q3 23,Amazon Apay_ERNAMKULAM_W1 to W4 - 14th Oct to 10th Nov,ERNAMKULAM,3498,45
2023-10-16,Truecaller,Amz Pay Q3 23,Amz Pay Q3 23,Amazon Apay_ERNAMKULAM_W1 to W4 - 14th Oct to 10th Nov,ERNAMKULAM,15642,212
2023-10-16,Truecaller,Amz Pay Q3 23,Amz Pay Q3 23,Amazon Apay_ERNAMKULAM_W1 to W4 - 14th Oct to 10th Nov,ERNAMKULAM,8361,104
2023-10-16,Truecaller,Amz Pay Q3 23,Amz Pay Q3 23,Amazon Apay_ERNAMKULAM_W1 to W4 - 14th Oct to 10th Nov,ERNAMKULAM,14853,159
2023-10-17,Truecaller,Amz Pay Q3 23,Amz Pay Q3 23,Amazon Apay_ERNAMKULAM_W1 to W4 - 14th Oct to 10th Nov,ERNAMKULAM,3500,46
2023-10-17,Truecaller,Amz Pay Q3 23,Amz Pay Q3 23,Amazon Apay_ERNAMKULAM_W1 to W4 - 14th Oct to 10th Nov,ERNAMKULAM,22558,282
2023-10-17,Truecaller,Amz Pay Q3 23,Amz Pay Q3 23,Amazon Apay_ERNAMKULAM_W1 to W4 - 14th Oct to 10th Nov,ERNAMKULAM,11567,191
2023-10-17,Truecaller,Amz Pay Q3 23,Amz Pay Q3 23,Amazon Apay_ERNAMKULAM_W1 to W4 - 14th Oct to 10th Nov,ERNAMKULAM,3446,49
2023-10-18,Truecaller,Amz Pay Q3 23,Amz Pay Q3 23,Amazon Apay_ERNAMKULAM_W1 to W4 - 14th Oct to 10th Nov,ERNAMKULAM,3319,50
2023-10-18,Truecaller,Amz Pay Q3 23,Amz Pay Q3 23,Amazon Apay_ERNAMKULAM_W1 to W4 - 14th Oct to 10th Nov,ERNAMKULAM,3433,45
2023-10-18,Truecaller,Amz Pay Q3 23,Amz Pay Q3 23,Amazon Apay_ERNAMKULAM_W1 to W4 - 14th Oct to 10th Nov,ERNAMKULAM,30754,378
2023-10-18,Truecaller,Amz Pay Q3 23,Amz Pay Q3 23,Amazon Apay_ERNAMKULAM_W1 to W4 - 14th Oct to 10th Nov,ERNAMKULAM,3382,39
2023-10-14,Truecaller,Amz Pay Q3 23,Amz Pay Q3 23,Amazon Apay_THRISSUR_W1 to W4 - 14th Oct to 10th Nov,THRISSUR,1113,16
2023-10-14,Truecaller,Amz Pay Q3 23,Amz Pay Q3 23,Amazon Apay_THRISSUR_W1 to W4 - 14th Oct to 10th Nov,THRISSUR,2357,42
2023-10-14,Truecaller,Amz Pay Q3 23,Amz Pay Q3 23,Amazon Apay_THRISSUR_W1 to W4 - 14th Oct to 10th Nov,THRISSUR,1174,19
2023-10-14,Truecaller,Amz Pay Q3 23,Amz Pay Q3 23,Amazon Apay_THRISSUR_W1 to W4 - 14th Oct to 10th Nov,THRISSUR,1106,14
2023-10-15,Truecaller,Amz Pay Q3 23,Amz Pay Q3 23,Amazon Apay_THRISSUR_W1 to W4 - 14th Oct to 10th Nov,THRISSUR,1421,18
2023-10-15,Truecaller,Amz Pay Q3 23,Amz Pay Q3 23,Amazon Apay_THRISSUR_W1 to W4 - 14th Oct to 10th Nov,THRISSUR,9092,126
2023-10-15,Truecaller,Amz Pay Q3 23,Amz Pay Q3 23,Amazon Apay_THRISSUR_W1 to W4 - 14th Oct to 10th Nov,THRISSUR,5082,72
2023-10-15,Truecaller,Amz Pay Q3 23,Amz Pay Q3 23,Amazon Apay_THRISSUR_W1 to W4 - 14th Oct to 10th Nov,THRISSUR,1431,20
2023-10-16,Truecaller,Amz Pay Q3 23,Amz Pay Q3 23,Amazon Apay_THRISSUR_W1 to W4 - 14th Oct to 10th Nov,THRISSUR,3627,69
2023-10-16,Truecaller,Amz Pay Q3 23,Amz Pay Q3 23,Amazon Apay_THRISSUR_W1 to W4 - 14th Oct to 10th Nov,THRISSUR,4581,71
2023-10-16,Truecaller,Amz Pay Q3 23,Amz Pay Q3 23,Amazon Apay_THRISSUR_W1 to W4 - 14th Oct to 10th Nov,THRISSUR,2104,25
2023-10-16,Truecaller,Amz Pay Q3 23,Amz Pay Q3 23,Amazon Apay_THRISSUR_W1 to W4 - 14th Oct to 10th Nov,THRISSUR,889,11
2023-10-17,Truecaller,Amz Pay Q3 23,Amz Pay Q3 23,Amazon Apay_THRISSUR_W1 to W4 - 14th Oct to 10th Nov,THRISSUR,4973,60
2023-10-17,Truecaller,Amz Pay Q3 23,Amz Pay Q3 23,Amazon Apay_THRISSUR_W1 to W4 - 14th Oct to 10th Nov,THRISSUR,594,7
2023-10-17,Truecaller,Amz Pay Q3 23,Amz Pay Q3 23,Amazon Apay_THRISSUR_W1 to W4 - 14th Oct to 10th Nov,THRISSUR,525,7
2023-10-17,Truecaller,Amz Pay Q3 23,Amz Pay Q3 23,Amazon Apay_THRISSUR_W1 to W4 - 14th Oct to 10th Nov,THRISSUR,559,7
2023-10-18,Truecaller,Amz Pay Q3 23,Amz Pay Q3 23,Amazon Apay_THRISSUR_W1 to W4 - 14th Oct to 10th Nov,THRISSUR,1162,13
2023-10-18,Truecaller,Amz Pay Q3 23,Amz Pay Q3 23,Amazon Apay_THRISSUR_W1 to W4 - 14th Oct to 10th Nov,THRISSUR,3164,32
2023-10-18,Truecaller,Amz Pay Q3 23,Amz Pay Q3 23,Amazon Apay_THRISSUR_W1 to W4 - 14th Oct to 10th Nov,THRISSUR,402,2
2023-10-18,Truecaller,Amz Pay Q3 23,Amz Pay Q3 23,Amazon Apay_THRISSUR_W1 to W4 - 14th Oct to 10th Nov,THRISSUR,409,8
2023-10-14,Truecaller,Amz Pay Q3 23,Amz Pay Q3 23,Amazon Apay_COIMBATORE_W1 to W4 - 14th Oct to 10th Nov,COIMBATORE,3237,38
2023-10-14,Truecaller,Amz Pay Q3 23,Amz Pay Q3 23,Amazon Apay_COIMBATORE_W1 to W4 - 14th Oct to 10th Nov,COIMBATORE,3405,35
2023-10-14,Truecaller,Amz Pay Q3 23,Amz Pay Q3 23,Amazon Apay_COIMBATORE_W1 to W4 - 14th Oct to 10th Nov,COIMBATORE,3339,43
2023-10-14,Truecaller,Amz Pay Q3 23,Amz Pay Q3 23,Amazon Apay_COIMBATORE_W1 to W4 - 14th Oct to 10th Nov,COIMBATORE,3197,31
2023-10-15,Truecaller,Amz Pay Q3 23,Amz Pay Q3 23,Amazon Apay_COIMBATORE_W1 to W4 - 14th Oct to 10th Nov,COIMBATORE,1498,16
2023-10-15,Truecaller,Amz Pay Q3 23,Amz Pay Q3 23,Amazon Apay_COIMBATORE_W1 to W4 - 14th Oct to 10th Nov,COIMBATORE,1453,17
2023-10-15,Truecaller,Amz Pay Q3 23,Amz Pay Q3 23,Amazon Apay_COIMBATORE_W1 to W4 - 14th Oct to 10th Nov,COIMBATORE,12905,152
2023-10-15,Truecaller,Amz Pay Q3 23,Amz Pay Q3 23,Amazon Apay_COIMBATORE_W1 to W4 - 14th Oct to 10th Nov,COIMBATORE,1406,15
2023-10-16,Truecaller,Amz Pay Q3 23,Amz Pay Q3 23,Amazon Apay_COIMBATORE_W1 to W4 - 14th Oct to 10th Nov,COIMBATORE,6312,78
2023-10-16,Truecaller,Amz Pay Q3 23,Amz Pay Q3 23,Amazon Apay_COIMBATORE_W1 to W4 - 14th Oct to 10th Nov,COIMBATORE,1322,13
2023-10-16,Truecaller,Amz Pay Q3 23,Amz Pay Q3 23,Amazon Apay_COIMBATORE_W1 to W4 - 14th Oct to 10th Nov,COIMBATORE,7363,80
2023-10-16,Truecaller,Amz Pay Q3 23,Amz Pay Q3 23,Amazon Apay_COIMBATORE_W1 to W4 - 14th Oct to 10th Nov,COIMBATORE,1314,13
2023-10-17,Truecaller,Amz Pay Q3 23,Amz Pay Q3 23,Amazon Apay_COIMBATORE_W1 to W4 - 14th Oct to 10th Nov,COIMBATORE,6979,60
2023-10-17,Truecaller,Amz Pay Q3 23,Amz Pay Q3 23,Amazon Apay_COIMBATORE_W1 to W4 - 14th Oct to 10th Nov,COIMBATORE,1308,17
2023-10-17,Truecaller,Amz Pay Q3 23,Amz Pay Q3 23,Amazon Apay_COIMBATORE_W1 to W4 - 14th Oct to 10th Nov,COIMBATORE,6401,62
2023-10-17,Truecaller,Amz Pay Q3 23,Amz Pay Q3 23,Amazon Apay_COIMBATORE_W1 to W4 - 14th Oct to 10th Nov,COIMBATORE,1258,12
2023-10-18,Truecaller,Amz Pay Q3 23,Amz Pay Q3 23,Amazon Apay_COIMBATORE_W1 to W4 - 14th Oct to 10th Nov,COIMBATORE,1359,16
2023-10-18,Truecaller,Amz Pay Q3 23,Amz Pay Q3 23,Amazon Apay_COIMBATORE_W1 to W4 - 14th Oct to 10th Nov,COIMBATORE,3733,48
2023-10-18,Truecaller,Amz Pay Q3 23,Amz Pay Q3 23,Amazon Apay_COIMBATORE_W1 to W4 - 14th Oct to 10th Nov,COIMBATORE,9124,99
2023-10-18,Truecaller,Amz Pay Q3 23,Amz Pay Q3 23,Amazon Apay_COIMBATORE_W1 to W4 - 14th Oct to 10th Nov,COIMBATORE,1335,15
2023-10-18,Truecaller,Amz Pay Q3 23,Amz Pay Q3 23,Amazon Apay_LUCKNOW_W1 - 18th - 20th Oct,LUCKNOW,6187,63
2023-10-18,Truecaller,Amz Pay Q3 23,Amz Pay Q3 23,Amazon Apay_LUCKNOW_W1 - 18th - 20th Oct,LUCKNOW,6307,75
2023-10-18,Truecaller,Amz Pay Q3 23,Amz Pay Q3 23,Amazon Apay_LUCKNOW_W1 - 18th - 20th Oct,LUCKNOW,6352,76
2023-10-18,Truecaller,Amz Pay Q3 23,Amz Pay Q3 23,Amazon Apay_LUCKNOW_W1 - 18th - 20th Oct,LUCKNOW,6216,68
2023-10-14,Truecaller,Amz Pay Q3 23,Amz Pay Q3 23,Amazon Apay_BANGLORE_ W1 to W4 - 14th Oct to 10th Nov,,21772,326
2023-10-14,Truecaller,Amz Pay Q3 23,Amz Pay Q3 23,Amazon Apay_BANGLORE_ W1 to W4 - 14th Oct to 10th Nov,,20985,252
2023-10-14,Truecaller,Amz Pay Q3 23,Amz Pay Q3 23,Amazon Apay_BANGLORE_ W1 to W4 - 14th Oct to 10th Nov,,21573,295
2023-10-14,Truecaller,Amz Pay Q3 23,Amz Pay Q3 23,Amazon Apay_BANGLORE_ W1 to W4 - 14th Oct to 10th Nov,,21588,260
2023-10-15,Truecaller,Amz Pay Q3 23,Amz Pay Q3 23,Amazon Apay_BANGLORE_ W1 to W4 - 14th Oct to 10th Nov,,162671,2183
2023-10-15,Truecaller,Amz Pay Q3 23,Amz Pay Q3 23,Amazon Apay_BANGLORE_ W1 to W4 - 14th Oct to 10th Nov,,19532,235
2023-10-15,Truecaller,Amz Pay Q3 23,Amz Pay Q3 23,Amazon Apay_BANGLORE_ W1 to W4 - 14th Oct to 10th Nov,,37208,501
2023-10-15,Truecaller,Amz Pay Q3 23,Amz Pay Q3 23,Amazon Apay_BANGLORE_ W1 to W4 - 14th Oct to 10th Nov,,19766,247
2023-10-16,Truecaller,Amz Pay Q3 23,Amz Pay Q3 23,Amazon Apay_BANGLORE_ W1 to W4 - 14th Oct to 10th Nov,,86273,1042
2023-10-16,Truecaller,Amz Pay Q3 23,Amz Pay Q3 23,Amazon Apay_BANGLORE_ W1 to W4 - 14th Oct to 10th Nov,,14258,177
2023-10-16,Truecaller,Amz Pay Q3 23,Amz Pay Q3 23,Amazon Apay_BANGLORE_ W1 to W4 - 14th Oct to 10th Nov,,61202,769
2023-10-16,Truecaller,Amz Pay Q3 23,Amz Pay Q3 23,Amazon Apay_BANGLORE_ W1 to W4 - 14th Oct to 10th Nov,,14710,199
2023-10-17,Truecaller,Amz Pay Q3 23,Amz Pay Q3 23,Amazon Apay_BANGLORE_ W1 to W4 - 14th Oct to 10th Nov,,106259,1281
2023-10-17,Truecaller,Amz Pay Q3 23,Amz Pay Q3 23,Amazon Apay_BANGLORE_ W1 to W4 - 14th Oct to 10th Nov,,13733,165
2023-10-17,Truecaller,Amz Pay Q3 23,Amz Pay Q3 23,Amazon Apay_BANGLORE_ W1 to W4 - 14th Oct to 10th Nov,,34241,388
2023-10-17,Truecaller,Amz Pay Q3 23,Amz Pay Q3 23,Amazon Apay_BANGLORE_ W1 to W4 - 14th Oct to 10th Nov,,14187,166
2023-10-18,Truecaller,Amz Pay Q3 23,Amz Pay Q3 23,Amazon Apay_BANGLORE_ W1 to W4 - 14th Oct to 10th Nov,,109244,1299
2023-10-18,Truecaller,Amz Pay Q3 23,Amz Pay Q3 23,Amazon Apay_BANGLORE_ W1 to W4 - 14th Oct to 10th Nov,,13357,144
2023-10-18,Truecaller,Amz Pay Q3 23,Amz Pay Q3 23,Amazon Apay_BANGLORE_ W1 to W4 - 14th Oct to 10th Nov,,23860,288
2023-10-18,Truecaller,Amz Pay Q3 23,Amz Pay Q3 23,Amazon Apay_BANGLORE_ W1 to W4 - 14th Oct to 10th Nov,,17359,237
2023-10-14,Truecaller,Amz Pay Q3 23,Amz Pay Q3 23,Amazon Apay_West Bengal _W1 to W4 - 14th Oct to 10th Nov,West Bengal ,26976,320
2023-10-14,Truecaller,Amz Pay Q3 23,Amz Pay Q3 23,Amazon Apay_West Bengal _W1 to W4 - 14th Oct to 10th Nov,West Bengal ,19660,210
2023-10-14,Truecaller,Amz Pay Q3 23,Amz Pay Q3 23,Amazon Apay_West Bengal _W1 to W4 - 14th Oct to 10th Nov,West Bengal ,20272,221
2023-10-14,Truecaller,Amz Pay Q3 23,Amz Pay Q3 23,Amazon Apay_West Bengal _W1 to W4 - 14th Oct to 10th Nov,West Bengal ,19807,236
2023-10-15,Truecaller,Amz Pay Q3 23,Amz Pay Q3 23,Amazon Apay_West Bengal _W1 to W4 - 14th Oct to 10th Nov,West Bengal ,241541,2815
2023-10-15,Truecaller,Amz Pay Q3 23,Amz Pay Q3 23,Amazon Apay_West Bengal _W1 to W4 - 14th Oct to 10th Nov,West Bengal ,45088,524
2023-10-15,Truecaller,Amz Pay Q3 23,Amz Pay Q3 23,Amazon Apay_West Bengal _W1 to W4 - 14th Oct to 10th Nov,West Bengal ,28781,337
2023-10-15,Truecaller,Amz Pay Q3 23,Amz Pay Q3 23,Amazon Apay_West Bengal _W1 to W4 - 14th Oct to 10th Nov,West Bengal ,28299,299
2023-10-16,Truecaller,Amz Pay Q3 23,Amz Pay Q3 23,Amazon Apay_West Bengal _W1 to W4 - 14th Oct to 10th Nov,West Bengal ,167242,1944
2023-10-16,Truecaller,Amz Pay Q3 23,Amz Pay Q3 23,Amazon Apay_West Bengal _W1 to W4 - 14th Oct to 10th Nov,West Bengal ,18320,195
2023-10-16,Truecaller,Amz Pay Q3 23,Amz Pay Q3 23,Amazon Apay_West Bengal _W1 to W4 - 14th Oct to 10th Nov,West Bengal ,18690,200
2023-10-16,Truecaller,Amz Pay Q3 23,Amz Pay Q3 23,Amazon Apay_West Bengal _W1 to W4 - 14th Oct to 10th Nov,West Bengal ,18093,209
2023-10-17,Truecaller,Amz Pay Q3 23,Amz Pay Q3 23,Amazon Apay_West Bengal _W1 to W4 - 14th Oct to 10th Nov,West Bengal ,165210,1926
2023-10-17,Truecaller,Amz Pay Q3 23,Amz Pay Q3 23,Amazon Apay_West Bengal _W1 to W4 - 14th Oct to 10th Nov,West Bengal ,17652,215
2023-10-17,Truecaller,Amz Pay Q3 23,Amz Pay Q3 23,Amazon Apay_West Bengal _W1 to W4 - 14th Oct to 10th Nov,West Bengal ,18375,181
2023-10-17,Truecaller,Amz Pay Q3 23,Amz Pay Q3 23,Amazon Apay_West Bengal _W1 to W4 - 14th Oct to 10th Nov,West Bengal ,17969,208
2023-10-18,Truecaller,Amz Pay Q3 23,Amz Pay Q3 23,Amazon Apay_West Bengal _W1 to W4 - 14th Oct to 10th Nov,West Bengal ,161123,1963
2023-10-18,Truecaller,Amz Pay Q3 23,Amz Pay Q3 23,Amazon Apay_West Bengal _W1 to W4 - 14th Oct to 10th Nov,West Bengal ,17090,215
2023-10-18,Truecaller,Amz Pay Q3 23,Amz Pay Q3 23,Amazon Apay_West Bengal _W1 to W4 - 14th Oct to 10th Nov,West Bengal ,17292,202
2023-10-18,Truecaller,Amz Pay Q3 23,Amz Pay Q3 23,Amazon Apay_West Bengal _W1 to W4 - 14th Oct to 10th Nov,West Bengal ,17532,200
2023-10-14,Truecaller,Amz Pay Q3 23,Amz Pay Q3 23,Amazon Apay_RO Tamilnadu _W1 to W4 - 14th Oct to 10th Nov,,13305,181
2023-10-14,Truecaller,Amz Pay Q3 23,Amz Pay Q3 23,Amazon Apay_RO Tamilnadu _W1 to W4 - 14th Oct to 10th Nov,,9139,103
2023-10-14,Truecaller,Amz Pay Q3 23,Amz Pay Q3 23,Amazon Apay_RO Tamilnadu _W1 to W4 - 14th Oct to 10th Nov,,9031,110
2023-10-14,Truecaller,Amz Pay Q3 23,Amz Pay Q3 23,Amazon Apay_RO Tamilnadu _W1 to W4 - 14th Oct to 10th Nov,,14809,180
2023-10-15,Truecaller,Amz Pay Q3 23,Amz Pay Q3 23,Amazon Apay_RO Tamilnadu _W1 to W4 - 14th Oct to 10th Nov,,99862,1259
2023-10-15,Truecaller,Amz Pay Q3 23,Amz Pay Q3 23,Amazon Apay_RO Tamilnadu _W1 to W4 - 14th Oct to 10th Nov,,10975,131
2023-10-15,Truecaller,Amz Pay Q3 23,Amz Pay Q3 23,Amazon Apay_RO Tamilnadu _W1 to W4 - 14th Oct to 10th Nov,,11260,115
2023-10-15,Truecaller,Amz Pay Q3 23,Amz Pay Q3 23,Amazon Apay_RO Tamilnadu _W1 to W4 - 14th Oct to 10th Nov,,11123,139
2023-10-16,Truecaller,Amz Pay Q3 23,Amz Pay Q3 23,Amazon Apay_RO Tamilnadu _W1 to W4 - 14th Oct to 10th Nov,,68900,819
2023-10-16,Truecaller,Amz Pay Q3 23,Amz Pay Q3 23,Amazon Apay_RO Tamilnadu _W1 to W4 - 14th Oct to 10th Nov,,8231,93
2023-10-16,Truecaller,Amz Pay Q3 23,Amz Pay Q3 23,Amazon Apay_RO Tamilnadu _W1 to W4 - 14th Oct to 10th Nov,,8113,89
2023-10-16,Truecaller,Amz Pay Q3 23,Amz Pay Q3 23,Amazon Apay_RO Tamilnadu _W1 to W4 - 14th Oct to 10th Nov,,12620,175
2023-10-17,Truecaller,Amz Pay Q3 23,Amz Pay Q3 23,Amazon Apay_RO Tamilnadu _W1 to W4 - 14th Oct to 10th Nov,,8020,107
2023-10-17,Truecaller,Amz Pay Q3 23,Amz Pay Q3 23,Amazon Apay_RO Tamilnadu _W1 to W4 - 14th Oct to 10th Nov,,7824,100
2023-10-17,Truecaller,Amz Pay Q3 23,Amz Pay Q3 23,Amazon Apay_RO Tamilnadu _W1 to W4 - 14th Oct to 10th Nov,,8086,110
2023-10-17,Truecaller,Amz Pay Q3 23,Amz Pay Q3 23,Amazon Apay_RO Tamilnadu _W1 to W4 - 14th Oct to 10th Nov,,71895,896
2023-10-18,Truecaller,Amz Pay Q3 23,Amz Pay Q3 23,Amazon Apay_RO Tamilnadu _W1 to W4 - 14th Oct to 10th Nov,,12175,138
2023-10-18,Truecaller,Amz Pay Q3 23,Amz Pay Q3 23,Amazon Apay_RO Tamilnadu _W1 to W4 - 14th Oct to 10th Nov,,7284,82
2023-10-18,Truecaller,Amz Pay Q3 23,Amz Pay Q3 23,Amazon Apay_RO Tamilnadu _W1 to W4 - 14th Oct to 10th Nov,,7310,79
2023-10-18,Truecaller,Amz Pay Q3 23,Amz Pay Q3 23,Amazon Apay_RO Tamilnadu _W1 to W4 - 14th Oct to 10th Nov,,61221,792
,Truecaller,Amz Pay Q3 23,Amz Pay Q3 23,Total,,9530400,122178
