Date,Publisher,Campaign Name,Accrual campaign name,Concept Name,GEO,Impressions,Engagements,Clicks,Views,25% Views,50% Views,75% Views,100% Views,Spends
2023-10-14,Vi-DSP,Amz Pay Q3 23,Amz Pay Q3 23,Ahmedbad_KV1_300x250,Ahmedabad,1111,,4,,,,,,94.435
2023-10-14,Vi-DSP,Amz Pay Q3 23,Amz Pay Q3 23,Ahmedbad_KV1_320x480,Ahmedabad,562,,15,,,,,,47.77
2023-10-14,Vi-DSP,Amz Pay Q3 23,Amz Pay Q3 23,Ahmedbad_KV2_300x250,Ahmedabad,1085,,36,,,,,,92.225
2023-10-14,Vi-DSP,Amz Pay Q3 23,Amz Pay Q3 23,Ahmedbad_KV2_320x480,Ahmedabad,608,,30,,,,,,51.68
2023-10-14,Vi-DSP,Amz Pay Q3 23,Amz Pay Q3 23,Ahmedbad_KV2_336x280,Ahmedabad,1007,,38,,,,,,85.59499999999998
2023-10-14,Vi-DSP,Amz Pay Q3 23,Amz Pay Q3 23,Ahmedbad_KV3_300x250,Ahmedabad,1130,,3,,,,,,96.05
2023-10-14,Vi-DSP,Amz Pay Q3 23,Amz Pay Q3 23,Ahmedbad_KV3_320x480,Ahmedabad,620,,17,,,,,,52.7
2023-10-14,Vi-DSP,Amz Pay Q3 23,Amz Pay Q3 23,Ahmedbad_KV4_300x250,Ahmedabad,842,,34,,,,,,71.57
2023-10-14,Vi-DSP,Amz Pay Q3 23,Amz Pay Q3 23,Ahmedbad_KV4_320x480,Ahmedabad,615,,29,,,,,,52.275
2023-10-14,Vi-DSP,Amz Pay Q3 23,Amz Pay Q3 23,Ahmedbad_KV4_336x280,Ahmedabad,795,,44,,,,,,67.575
2023-10-14,Vi-DSP,Amz Pay Q3 23,Amz Pay Q3 23,Bangalore_KV2_300x250,Bangalore,3913,,53,,,,,,332.60499999999996
2023-10-14,Vi-DSP,Amz Pay Q3 23,Amz Pay Q3 23,Bangalore_KV2_320x480,Bangalore,438,,27,,,,,,37.23
2023-10-14,Vi-DSP,Amz Pay Q3 23,Amz Pay Q3 23,Bangalore_KV2_336x280,Bangalore,4966,,25,,,,,,422.11
2023-10-14,Vi-DSP,Amz Pay Q3 23,Amz Pay Q3 23,Bangalore_KV3_300x250,Bangalore,3806,,9,,,,,,323.51
2023-10-14,Vi-DSP,Amz Pay Q3 23,Amz Pay Q3 23,Bangalore_KV3_320x480,Bangalore,476,,3,,,,,,40.46
2023-10-14,Vi-DSP,Amz Pay Q3 23,Amz Pay Q3 23,Bangalore_KV4_300x250,Bangalore,3357,,52,,,,,,285.345
2023-10-14,Vi-DSP,Amz Pay Q3 23,Amz Pay Q3 23,Bangalore_KV4_320x480,Bangalore,424,,13,,,,,,36.04
2023-10-14,Vi-DSP,Amz Pay Q3 23,Amz Pay Q3 23,Bangalore_KV4_336x280,Bangalore,4623,,27,,,,,,392.95500000000004
2023-10-14,Vi-DSP,Amz Pay Q3 23,Amz Pay Q3 23,Bangalore_KV1_300x250,Bangalore,3844,,15,,,,,,326.74
2023-10-14,Vi-DSP,Amz Pay Q3 23,Amz Pay Q3 23,Bangalore_KV1_320x480,Bangalore,436,,1,,,,,,37.06
2023-10-14,Vi-DSP,Amz Pay Q3 23,Amz Pay Q3 23,Chennai_KV1_300x250,Chennai,1976,,3,,,,,,167.96
2023-10-14,Vi-DSP,Amz Pay Q3 23,Amz Pay Q3 23,Chennai_KV1_320x480,Chennai,791,,17,,,,,,67.235
2023-10-14,Vi-DSP,Amz Pay Q3 23,Amz Pay Q3 23,Chennai_KV2_300x250,Chennai,1064,,30,,,,,,90.44
2023-10-14,Vi-DSP,Amz Pay Q3 23,Amz Pay Q3 23,Chennai_KV2_320x480,Chennai,394,,15,,,,,,33.49
2023-10-14,Vi-DSP,Amz Pay Q3 23,Amz Pay Q3 23,Chennai_KV2_336x280,Chennai,1561,,36,,,,,,132.685
2023-10-14,Vi-DSP,Amz Pay Q3 23,Amz Pay Q3 23,Chennai_KV3_300x250,Chennai,1059,,2,,,,,,90.015
2023-10-14,Vi-DSP,Amz Pay Q3 23,Amz Pay Q3 23,Chennai_KV3_320x480,Chennai,383,,2,,,,,,32.555
2023-10-14,Vi-DSP,Amz Pay Q3 23,Amz Pay Q3 23,Chennai_KV4_300x250,Chennai,909,,26,,,,,,77.265
2023-10-14,Vi-DSP,Amz Pay Q3 23,Amz Pay Q3 23,Chennai_KV4_320x480,Chennai,347,,23,,,,,,29.494999999999997
2023-10-14,Vi-DSP,Amz Pay Q3 23,Amz Pay Q3 23,Chennai_KV4_336x280,Chennai,1468,,27,,,,,,124.78
2023-10-14,Vi-DSP,Amz Pay Q3 23,Amz Pay Q3 23,Coimbatore_KV1_300x250,Coimbatore,1019,,6,,,,,,86.615
2023-10-14,Vi-DSP,Amz Pay Q3 23,Amz Pay Q3 23,Coimbatore_KV1_320x480,Coimbatore,1243,,17,,,,,,105.65500000000002
2023-10-14,Vi-DSP,Amz Pay Q3 23,Amz Pay Q3 23,Coimbatore_KV2_300x250,Coimbatore,522,,37,,,,,,44.370000000000005
2023-10-14,Vi-DSP,Amz Pay Q3 23,Amz Pay Q3 23,Coimbatore_KV2_320x480,Coimbatore,601,,53,,,,,,51.085
2023-10-14,Vi-DSP,Amz Pay Q3 23,Amz Pay Q3 23,Coimbatore_KV2_336x280,Coimbatore,1708,,64,,,,,,145.18
2023-10-14,Vi-DSP,Amz Pay Q3 23,Amz Pay Q3 23,Coimbatore_KV3_300x250,Coimbatore,533,,0,,,,,,45.305
2023-10-14,Vi-DSP,Amz Pay Q3 23,Amz Pay Q3 23,Coimbatore_KV3_320x480,Coimbatore,607,,0,,,,,,51.595
2023-10-14,Vi-DSP,Amz Pay Q3 23,Amz Pay Q3 23,Coimbatore_KV4_300x250,Coimbatore,364,,33,,,,,,30.939999999999998
2023-10-14,Vi-DSP,Amz Pay Q3 23,Amz Pay Q3 23,Coimbatore_KV4_320x480,Coimbatore,610,,47,,,,,,51.85
2023-10-14,Vi-DSP,Amz Pay Q3 23,Amz Pay Q3 23,Coimbatore_KV4_336x280,Coimbatore,1440,,67,,,,,,122.39999999999999
2023-10-14,Vi-DSP,Amz Pay Q3 23,Amz Pay Q3 23,DelhiNCR_KV2_300x250,Delhi NCR,13227,,75,,,,,,1124.295
2023-10-14,Vi-DSP,Amz Pay Q3 23,Amz Pay Q3 23,DelhiNCR_KV2_320x480,Delhi NCR,1576,,38,,,,,,133.96
2023-10-14,Vi-DSP,Amz Pay Q3 23,Amz Pay Q3 23,DelhiNCR_KV2_336x280,Delhi NCR,16853,,73,,,,,,1432.505
2023-10-14,Vi-DSP,Amz Pay Q3 23,Amz Pay Q3 23,DelhiNCR_KV3_300x250,Delhi NCR,12964,,29,,,,,,1101.94
2023-10-14,Vi-DSP,Amz Pay Q3 23,Amz Pay Q3 23,DelhiNCR_KV3_320x480,Delhi NCR,1463,,6,,,,,,124.355
2023-10-14,Vi-DSP,Amz Pay Q3 23,Amz Pay Q3 23,DelhiNCR_KV4_300x250,Delhi NCR,11615,,61,,,,,,987.275
2023-10-14,Vi-DSP,Amz Pay Q3 23,Amz Pay Q3 23,DelhiNCR_KV4_320x480,Delhi NCR,1482,,48,,,,,,125.97
2023-10-14,Vi-DSP,Amz Pay Q3 23,Amz Pay Q3 23,DelhiNCR_KV4_336x280,Delhi NCR,16168,,80,,,,,,1374.28
2023-10-14,Vi-DSP,Amz Pay Q3 23,Amz Pay Q3 23,DelhiNCR_KV1_300x250,Delhi NCR,13159,,28,,,,,,1118.515
2023-10-14,Vi-DSP,Amz Pay Q3 23,Amz Pay Q3 23,DelhiNCR_KV1_320x480,Delhi NCR,1493,,4,,,,,,126.90500000000002
2023-10-14,Vi-DSP,Amz Pay Q3 23,Amz Pay Q3 23,Ernamkulam_KV1_300x250,Ernamkulam,191,,1,,,,,,16.235
2023-10-14,Vi-DSP,Amz Pay Q3 23,Amz Pay Q3 23,Ernamkulam_KV1_320x480,Ernamkulam,273,,1,,,,,,23.205000000000002
2023-10-14,Vi-DSP,Amz Pay Q3 23,Amz Pay Q3 23,Ernamkulam_KV2_300x250,Ernamkulam,5107,,15,,,,,,434.095
2023-10-14,Vi-DSP,Amz Pay Q3 23,Amz Pay Q3 23,Ernamkulam_KV2_320x480,Ernamkulam,149,,10,,,,,,12.665
2023-10-14,Vi-DSP,Amz Pay Q3 23,Amz Pay Q3 23,Ernamkulam_KV2_336x280,Ernamkulam,5114,,18,,,,,,434.69
2023-10-14,Vi-DSP,Amz Pay Q3 23,Amz Pay Q3 23,Ernamkulam_KV3_300x250,Ernamkulam,92,,0,,,,,,7.82
2023-10-14,Vi-DSP,Amz Pay Q3 23,Amz Pay Q3 23,Ernamkulam_KV3_320x480,Ernamkulam,145,,0,,,,,,12.325
2023-10-14,Vi-DSP,Amz Pay Q3 23,Amz Pay Q3 23,Ernamkulam_KV4_300x250,Ernamkulam,10098,,23,,,,,,858.33
2023-10-14,Vi-DSP,Amz Pay Q3 23,Amz Pay Q3 23,Ernamkulam_KV4_320x480,Ernamkulam,153,,3,,,,,,13.004999999999999
2023-10-14,Vi-DSP,Amz Pay Q3 23,Amz Pay Q3 23,Ernamkulam_KV4_336x280,Ernamkulam,10112,,26,,,,,,859.52
2023-10-14,Vi-DSP,Amz Pay Q3 23,Amz Pay Q3 23,Hyderabad_KV1_300x250,Hyderabad,547,,2,,,,,,46.495000000000005
2023-10-14,Vi-DSP,Amz Pay Q3 23,Amz Pay Q3 23,Hyderabad_KV1_320x480,Hyderabad,396,,11,,,,,,33.660000000000004
2023-10-14,Vi-DSP,Amz Pay Q3 23,Amz Pay Q3 23,Hyderabad_KV2_300x250,Hyderabad,525,,40,,,,,,44.625
2023-10-14,Vi-DSP,Amz Pay Q3 23,Amz Pay Q3 23,Hyderabad_KV2_320x480,Hyderabad,10365,,156,,,,,,881.025
2023-10-14,Vi-DSP,Amz Pay Q3 23,Amz Pay Q3 23,Hyderabad_KV2_336x280,Hyderabad,494,,14,,,,,,41.99
2023-10-14,Vi-DSP,Amz Pay Q3 23,Amz Pay Q3 23,Hyderabad_KV3_300x250,Hyderabad,522,,2,,,,,,44.370000000000005
2023-10-14,Vi-DSP,Amz Pay Q3 23,Amz Pay Q3 23,Hyderabad_KV3_320x480,Hyderabad,376,,9,,,,,,31.96
2023-10-14,Vi-DSP,Amz Pay Q3 23,Amz Pay Q3 23,Hyderabad_KV4_300x250,Hyderabad,427,,41,,,,,,36.295
2023-10-14,Vi-DSP,Amz Pay Q3 23,Amz Pay Q3 23,Hyderabad_KV4_320x480,Hyderabad,10369,,203,,,,,,881.365
2023-10-14,Vi-DSP,Amz Pay Q3 23,Amz Pay Q3 23,Hyderabad_KV4_336x280,Hyderabad,411,,8,,,,,,34.934999999999995
2023-10-14,Vi-DSP,Amz Pay Q3 23,Amz Pay Q3 23,Jaipur_KV1_300x250,Jaipur,2104,,6,,,,,,178.84
2023-10-14,Vi-DSP,Amz Pay Q3 23,Amz Pay Q3 23,Jaipur_KV1_320x480,Jaipur,149,,0,,,,,,12.665
2023-10-14,Vi-DSP,Amz Pay Q3 23,Amz Pay Q3 23,Jaipur_KV2_300x250,Jaipur,2119,,56,,,,,,180.115
2023-10-14,Vi-DSP,Amz Pay Q3 23,Amz Pay Q3 23,Jaipur_KV2_320x480,Jaipur,178,,9,,,,,,15.129999999999999
2023-10-14,Vi-DSP,Amz Pay Q3 23,Amz Pay Q3 23,Jaipur_KV2_336x280,Jaipur,3433,,37,,,,,,291.805
2023-10-14,Vi-DSP,Amz Pay Q3 23,Amz Pay Q3 23,Jaipur_KV3_300x250,Jaipur,2019,,5,,,,,,171.615
2023-10-14,Vi-DSP,Amz Pay Q3 23,Amz Pay Q3 23,Jaipur_KV3_320x480,Jaipur,197,,0,,,,,,16.745
2023-10-14,Vi-DSP,Amz Pay Q3 23,Amz Pay Q3 23,Jaipur_KV4_300x250,Jaipur,1879,,42,,,,,,159.715
2023-10-14,Vi-DSP,Amz Pay Q3 23,Amz Pay Q3 23,Jaipur_KV4_320x480,Jaipur,188,,12,,,,,,15.98
2023-10-14,Vi-DSP,Amz Pay Q3 23,Amz Pay Q3 23,Jaipur_KV4_336x280,Jaipur,3434,,35,,,,,,291.89
2023-10-14,Vi-DSP,Amz Pay Q3 23,Amz Pay Q3 23,Mumbai_KV1_300x250,Mumbai,1293,,5,,,,,,109.90499999999999
2023-10-14,Vi-DSP,Amz Pay Q3 23,Amz Pay Q3 23,Mumbai_KV1_320x480,Mumbai,476,,4,,,,,,40.46
2023-10-14,Vi-DSP,Amz Pay Q3 23,Amz Pay Q3 23,Mumbai_KV2_300x250,Mumbai,1213,,56,,,,,,103.105
2023-10-14,Vi-DSP,Amz Pay Q3 23,Amz Pay Q3 23,Mumbai_KV2_320x480,Mumbai,495,,39,,,,,,42.075
2023-10-14,Vi-DSP,Amz Pay Q3 23,Amz Pay Q3 23,Mumbai_KV2_336x280,Mumbai,720,,58,,,,,,61.199999999999996
2023-10-14,Vi-DSP,Amz Pay Q3 23,Amz Pay Q3 23,Mumbai_KV3_300x250,Mumbai,1313,,8,,,,,,111.60499999999999
2023-10-14,Vi-DSP,Amz Pay Q3 23,Amz Pay Q3 23,Mumbai_KV3_320x480,Mumbai,489,,2,,,,,,41.565
2023-10-14,Vi-DSP,Amz Pay Q3 23,Amz Pay Q3 23,Mumbai_KV4_300x250,Mumbai,1000,,33,,,,,,85.0
2023-10-14,Vi-DSP,Amz Pay Q3 23,Amz Pay Q3 23,Mumbai_KV4_320x480,Mumbai,445,,29,,,,,,37.825
2023-10-14,Vi-DSP,Amz Pay Q3 23,Amz Pay Q3 23,Mumbai_KV4_336x280,Mumbai,582,,34,,,,,,49.47
2023-10-14,Vi-DSP,Amz Pay Q3 23,Amz Pay Q3 23,Pune_KV2_300x250,Pune,943,,20,,,,,,80.155
2023-10-14,Vi-DSP,Amz Pay Q3 23,Amz Pay Q3 23,Pune_KV2_320x480,Pune,417,,33,,,,,,35.445
2023-10-14,Vi-DSP,Amz Pay Q3 23,Amz Pay Q3 23,Pune_KV2_336x280,Pune,836,,22,,,,,,71.06
2023-10-14,Vi-DSP,Amz Pay Q3 23,Amz Pay Q3 23,Pune_KV3_300x250,Pune,1075,,3,,,,,,91.375
2023-10-14,Vi-DSP,Amz Pay Q3 23,Amz Pay Q3 23,Pune_KV3_320x480,Pune,400,,7,,,,,,34.0
2023-10-14,Vi-DSP,Amz Pay Q3 23,Amz Pay Q3 23,Pune_KV4_300x250,Pune,758,,19,,,,,,64.43
2023-10-14,Vi-DSP,Amz Pay Q3 23,Amz Pay Q3 23,Pune_KV4_320x480,Pune,374,,37,,,,,,31.79
2023-10-14,Vi-DSP,Amz Pay Q3 23,Amz Pay Q3 23,Pune_KV4_336x280,Pune,623,,13,,,,,,52.955
2023-10-14,Vi-DSP,Amz Pay Q3 23,Amz Pay Q3 23,Pune_KV1_300x250,Pune,979,,9,,,,,,83.215
2023-10-14,Vi-DSP,Amz Pay Q3 23,Amz Pay Q3 23,Pune_KV1_320x480,Pune,380,,5,,,,,,32.3
2023-10-14,Vi-DSP,Amz Pay Q3 23,Amz Pay Q3 23,ROKarnataka_KV1_300x250,RKT,18611,,51,,,,,,1581.935
2023-10-14,Vi-DSP,Amz Pay Q3 23,Amz Pay Q3 23,ROKarnataka_KV1_320x480,RKT,643,,5,,,,,,54.655
2023-10-14,Vi-DSP,Amz Pay Q3 23,Amz Pay Q3 23,ROKarnataka_KV2_300x250,RKT,9434,,119,,,,,,801.89
2023-10-14,Vi-DSP,Amz Pay Q3 23,Amz Pay Q3 23,ROKarnataka_KV2_320x480,RKT,337,,9,,,,,,28.645000000000003
2023-10-14,Vi-DSP,Amz Pay Q3 23,Amz Pay Q3 23,ROKarnataka_KV2_336x280,RKT,16074,,49,,,,,,1366.2900000000002
2023-10-14,Vi-DSP,Amz Pay Q3 23,Amz Pay Q3 23,ROKarnataka_KV3_300x250,RKT,9103,,20,,,,,,773.755
2023-10-14,Vi-DSP,Amz Pay Q3 23,Amz Pay Q3 23,ROKarnataka_KV3_320x480,RKT,325,,5,,,,,,27.625
2023-10-14,Vi-DSP,Amz Pay Q3 23,Amz Pay Q3 23,ROKarnataka_KV4_300x250,RKT,8418,,84,,,,,,715.53
2023-10-14,Vi-DSP,Amz Pay Q3 23,Amz Pay Q3 23,ROKarnataka_KV4_320x480,RKT,368,,23,,,,,,31.28
2023-10-14,Vi-DSP,Amz Pay Q3 23,Amz Pay Q3 23,ROKarnataka_KV4_336x280,RKT,15556,,38,,,,,,1322.26
2023-10-14,Vi-DSP,Amz Pay Q3 23,Amz Pay Q3 23,ROMAH_KV1_300x250,RMH,3602,,21,,,,,,306.17
2023-10-14,Vi-DSP,Amz Pay Q3 23,Amz Pay Q3 23,ROMAH_KV1_320x480,RMH,1248,,23,,,,,,106.08
2023-10-14,Vi-DSP,Amz Pay Q3 23,Amz Pay Q3 23,ROMAH_KV2_300x250,RMH,1750,,82,,,,,,148.75
2023-10-14,Vi-DSP,Amz Pay Q3 23,Amz Pay Q3 23,ROMAH_KV2_320x480,RMH,5733,,108,,,,,,487.30499999999995
2023-10-14,Vi-DSP,Amz Pay Q3 23,Amz Pay Q3 23,ROMAH_KV2_336x280,RMH,2490,,36,,,,,,211.65
2023-10-14,Vi-DSP,Amz Pay Q3 23,Amz Pay Q3 23,ROMAH_KV3_300x250,RMH,1813,,9,,,,,,154.105
2023-10-14,Vi-DSP,Amz Pay Q3 23,Amz Pay Q3 23,ROMAH_KV3_320x480,RMH,691,,15,,,,,,58.73499999999999
2023-10-14,Vi-DSP,Amz Pay Q3 23,Amz Pay Q3 23,ROMAH_KV4_300x250,RMH,1386,,68,,,,,,117.80999999999999
2023-10-14,Vi-DSP,Amz Pay Q3 23,Amz Pay Q3 23,ROMAH_KV4_320x480,RMH,10740,,118,,,,,,912.9
2023-10-14,Vi-DSP,Amz Pay Q3 23,Amz Pay Q3 23,ROMAH_KV4_336x280,RMH,1724,,34,,,,,,146.54
2023-10-14,Vi-DSP,Amz Pay Q3 23,Amz Pay Q3 23,ROAP+Tel_KV1_300x250,RO AP+Tel,3572,,24,,,,,,303.62
2023-10-14,Vi-DSP,Amz Pay Q3 23,Amz Pay Q3 23,ROAP+Tel_KV1_320x480,RO AP+Tel,3574,,87,,,,,,303.78999999999996
2023-10-14,Vi-DSP,Amz Pay Q3 23,Amz Pay Q3 23,ROAP+Tel_KV2_300x250,RO AP+Tel,1880,,50,,,,,,159.79999999999998
2023-10-14,Vi-DSP,Amz Pay Q3 23,Amz Pay Q3 23,ROAP+Tel_KV2_320x480,RO AP+Tel,1715,,108,,,,,,145.775
2023-10-14,Vi-DSP,Amz Pay Q3 23,Amz Pay Q3 23,ROAP+Tel_KV2_336x280,RO AP+Tel,1614,,93,,,,,,137.19
2023-10-14,Vi-DSP,Amz Pay Q3 23,Amz Pay Q3 23,ROAP+Tel_KV3_300x250,RO AP+Tel,1869,,5,,,,,,158.865
2023-10-14,Vi-DSP,Amz Pay Q3 23,Amz Pay Q3 23,ROAP+Tel_KV3_320x480,RO AP+Tel,1762,,33,,,,,,149.77
2023-10-14,Vi-DSP,Amz Pay Q3 23,Amz Pay Q3 23,ROAP+Tel_KV4_300x250,RO AP+Tel,1402,,45,,,,,,119.16999999999999
2023-10-14,Vi-DSP,Amz Pay Q3 23,Amz Pay Q3 23,ROAP+Tel_KV4_320x480,RO AP+Tel,1663,,116,,,,,,141.355
2023-10-14,Vi-DSP,Amz Pay Q3 23,Amz Pay Q3 23,ROAP+Tel_KV4_336x280,RO AP+Tel,1381,,83,,,,,,117.385
2023-10-14,Vi-DSP,Amz Pay Q3 23,Amz Pay Q3 23,ROTN_KV1_300x250,RTN,2229,,7,,,,,,189.465
2023-10-14,Vi-DSP,Amz Pay Q3 23,Amz Pay Q3 23,ROTN_KV1_320x480,RTN,697,,6,,,,,,59.245
2023-10-14,Vi-DSP,Amz Pay Q3 23,Amz Pay Q3 23,ROTN_KV2_300x250,RTN,1145,,28,,,,,,97.325
2023-10-14,Vi-DSP,Amz Pay Q3 23,Amz Pay Q3 23,ROTN_KV2_320x480,RTN,10324,,53,,,,,,877.54
2023-10-14,Vi-DSP,Amz Pay Q3 23,Amz Pay Q3 23,ROTN_KV2_336x280,RTN,1718,,16,,,,,,146.03
2023-10-14,Vi-DSP,Amz Pay Q3 23,Amz Pay Q3 23,ROTN_KV3_300x250,RTN,1201,,2,,,,,,102.08500000000001
2023-10-14,Vi-DSP,Amz Pay Q3 23,Amz Pay Q3 23,ROTN_KV3_320x480,RTN,324,,9,,,,,,27.54
2023-10-14,Vi-DSP,Amz Pay Q3 23,Amz Pay Q3 23,ROTN_KV4_300x250,RTN,989,,20,,,,,,84.065
2023-10-14,Vi-DSP,Amz Pay Q3 23,Amz Pay Q3 23,ROTN_KV4_320x480,RTN,10340,,63,,,,,,878.9
2023-10-14,Vi-DSP,Amz Pay Q3 23,Amz Pay Q3 23,ROTN_KV4_336x280,RTN,1517,,20,,,,,,128.945
2023-10-14,Vi-DSP,Amz Pay Q3 23,Amz Pay Q3 23,Thrissur_KV1_300x250,Thrissur,158,,3,,,,,,13.43
2023-10-14,Vi-DSP,Amz Pay Q3 23,Amz Pay Q3 23,Thrissur_KV1_320x480,Thrissur,472,,3,,,,,,40.12
2023-10-14,Vi-DSP,Amz Pay Q3 23,Amz Pay Q3 23,Thrissur_KV2_300x250,Thrissur,5089,,12,,,,,,432.56500000000005
2023-10-14,Vi-DSP,Amz Pay Q3 23,Amz Pay Q3 23,Thrissur_KV2_320x480,Thrissur,217,,11,,,,,,18.445
2023-10-14,Vi-DSP,Amz Pay Q3 23,Amz Pay Q3 23,Thrissur_KV2_336x280,Thrissur,10096,,16,,,,,,858.16
2023-10-14,Vi-DSP,Amz Pay Q3 23,Amz Pay Q3 23,Thrissur_KV3_300x250,Thrissur,77,,0,,,,,,6.545
2023-10-14,Vi-DSP,Amz Pay Q3 23,Amz Pay Q3 23,Thrissur_KV3_320x480,Thrissur,247,,4,,,,,,20.995
2023-10-14,Vi-DSP,Amz Pay Q3 23,Amz Pay Q3 23,Thrissur_KV4_300x250,Thrissur,91,,7,,,,,,7.734999999999999
2023-10-14,Vi-DSP,Amz Pay Q3 23,Amz Pay Q3 23,Thrissur_KV4_320x480,Thrissur,220,,3,,,,,,18.7
2023-10-14,Vi-DSP,Amz Pay Q3 23,Amz Pay Q3 23,Thrissur_KV4_336x280,Thrissur,10072,,17,,,,,,856.1199999999999
2023-10-14,Vi-DSP,Amz Pay Q3 23,Amz Pay Q3 23,Tiruvanthapuram_KV1_300x250,Tiruvanthapuram,313,,4,,,,,,26.605
2023-10-14,Vi-DSP,Amz Pay Q3 23,Amz Pay Q3 23,Tiruvanthapuram_KV1_320x480,Tiruvanthapuram,301,,2,,,,,,25.585
2023-10-14,Vi-DSP,Amz Pay Q3 23,Amz Pay Q3 23,Tiruvanthapuram_KV2_300x250,Tiruvanthapuram,167,,18,,,,,,14.195
2023-10-14,Vi-DSP,Amz Pay Q3 23,Amz Pay Q3 23,Tiruvanthapuram_KV2_320x480,Tiruvanthapuram,155,,6,,,,,,13.175
2023-10-14,Vi-DSP,Amz Pay Q3 23,Amz Pay Q3 23,Tiruvanthapuram_KV2_336x280,Tiruvanthapuram,591,,9,,,,,,50.235
2023-10-14,Vi-DSP,Amz Pay Q3 23,Amz Pay Q3 23,Tiruvanthapuram_KV3_300x250,Tiruvanthapuram,154,,0,,,,,,13.09
2023-10-14,Vi-DSP,Amz Pay Q3 23,Amz Pay Q3 23,Tiruvanthapuram_KV3_320x480,Tiruvanthapuram,143,,5,,,,,,12.155
2023-10-14,Vi-DSP,Amz Pay Q3 23,Amz Pay Q3 23,Tiruvanthapuram_KV4_300x250,Tiruvanthapuram,150,,15,,,,,,12.75
2023-10-14,Vi-DSP,Amz Pay Q3 23,Amz Pay Q3 23,Tiruvanthapuram_KV4_320x480,Tiruvanthapuram,171,,15,,,,,,14.535000000000002
2023-10-14,Vi-DSP,Amz Pay Q3 23,Amz Pay Q3 23,Tiruvanthapuram_KV4_336x280,Tiruvanthapuram,581,,20,,,,,,49.385
2023-10-14,Vi-DSP,Amz Pay Q3 23,Amz Pay Q3 23,WB_KV1_300x250,WB,1491,,7,,,,,,126.73500000000001
2023-10-14,Vi-DSP,Amz Pay Q3 23,Amz Pay Q3 23,WB_KV1_320x480,WB,589,,7,,,,,,50.065
2023-10-14,Vi-DSP,Amz Pay Q3 23,Amz Pay Q3 23,WB_KV2_300x250,WB,1360,,76,,,,,,115.60000000000001
2023-10-14,Vi-DSP,Amz Pay Q3 23,Amz Pay Q3 23,WB_KV2_320x480,WB,10594,,101,,,,,,900.4899999999999
2023-10-14,Vi-DSP,Amz Pay Q3 23,Amz Pay Q3 23,WB_KV2_336x280,WB,1309,,41,,,,,,111.265
2023-10-14,Vi-DSP,Amz Pay Q3 23,Amz Pay Q3 23,WB_KV3_300x250,WB,1384,,3,,,,,,117.63999999999999
2023-10-14,Vi-DSP,Amz Pay Q3 23,Amz Pay Q3 23,WB_KV3_320x480,WB,628,,19,,,,,,53.38
2023-10-14,Vi-DSP,Amz Pay Q3 23,Amz Pay Q3 23,WB_KV4_300x250,WB,1149,,49,,,,,,97.665
2023-10-14,Vi-DSP,Amz Pay Q3 23,Amz Pay Q3 23,WB_KV4_320x480,WB,5601,,90,,,,,,476.085
2023-10-14,Vi-DSP,Amz Pay Q3 23,Amz Pay Q3 23,WB_KV4_336x280,WB,976,,18,,,,,,82.96
2023-10-15,Vi-DSP,Amz Pay Q3 23,Amz Pay Q3 23,Ahmedbad_KV1_300x250,Ahmedabad,1589,,11,,,,,,135.065
2023-10-15,Vi-DSP,Amz Pay Q3 23,Amz Pay Q3 23,Ahmedbad_KV1_320x480,Ahmedabad,139,,6,,,,,,11.815000000000001
2023-10-15,Vi-DSP,Amz Pay Q3 23,Amz Pay Q3 23,Ahmedbad_KV2_300x250,Ahmedabad,1629,,65,,,,,,138.465
2023-10-15,Vi-DSP,Amz Pay Q3 23,Amz Pay Q3 23,Ahmedbad_KV2_320x480,Ahmedabad,10144,,27,,,,,,862.24
2023-10-15,Vi-DSP,Amz Pay Q3 23,Amz Pay Q3 23,Ahmedbad_KV2_336x280,Ahmedabad,1409,,98,,,,,,119.765
2023-10-15,Vi-DSP,Amz Pay Q3 23,Amz Pay Q3 23,Ahmedbad_KV3_300x250,Ahmedabad,1675,,4,,,,,,142.375
2023-10-15,Vi-DSP,Amz Pay Q3 23,Amz Pay Q3 23,Ahmedbad_KV3_320x480,Ahmedabad,166,,3,,,,,,14.110000000000001
2023-10-15,Vi-DSP,Amz Pay Q3 23,Amz Pay Q3 23,Ahmedbad_KV4_300x250,Ahmedabad,1165,,49,,,,,,99.025
2023-10-15,Vi-DSP,Amz Pay Q3 23,Amz Pay Q3 23,Ahmedbad_KV4_320x480,Ahmedabad,10144,,29,,,,,,862.24
2023-10-15,Vi-DSP,Amz Pay Q3 23,Amz Pay Q3 23,Ahmedbad_KV4_336x280,Ahmedabad,921,,78,,,,,,78.285
2023-10-15,Vi-DSP,Amz Pay Q3 23,Amz Pay Q3 23,Bangalore_KV2_300x250,Bangalore,4368,,67,,,,,,371.28000000000003
2023-10-15,Vi-DSP,Amz Pay Q3 23,Amz Pay Q3 23,Bangalore_KV2_320x480,Bangalore,10188,,37,,,,,,865.98
2023-10-15,Vi-DSP,Amz Pay Q3 23,Amz Pay Q3 23,Bangalore_KV2_336x280,Bangalore,6095,,73,,,,,,518.0749999999999
2023-10-15,Vi-DSP,Amz Pay Q3 23,Amz Pay Q3 23,Bangalore_KV3_300x250,Bangalore,4501,,7,,,,,,382.58500000000004
2023-10-15,Vi-DSP,Amz Pay Q3 23,Amz Pay Q3 23,Bangalore_KV3_320x480,Bangalore,186,,0,,,,,,15.81
2023-10-15,Vi-DSP,Amz Pay Q3 23,Amz Pay Q3 23,Bangalore_KV4_300x250,Bangalore,4117,,80,,,,,,349.945
2023-10-15,Vi-DSP,Amz Pay Q3 23,Amz Pay Q3 23,Bangalore_KV4_320x480,Bangalore,5210,,29,,,,,,442.85
2023-10-15,Vi-DSP,Amz Pay Q3 23,Amz Pay Q3 23,Bangalore_KV4_336x280,Bangalore,5848,,55,,,,,,497.08
2023-10-15,Vi-DSP,Amz Pay Q3 23,Amz Pay Q3 23,Bangalore_KV1_300x250,Bangalore,4461,,7,,,,,,379.185
2023-10-15,Vi-DSP,Amz Pay Q3 23,Amz Pay Q3 23,Bangalore_KV1_320x480,Bangalore,204,,1,,,,,,17.34
2023-10-15,Vi-DSP,Amz Pay Q3 23,Amz Pay Q3 23,Chennai_KV1_300x250,Chennai,2517,,4,,,,,,213.945
2023-10-15,Vi-DSP,Amz Pay Q3 23,Amz Pay Q3 23,Chennai_KV1_320x480,Chennai,433,,0,,,,,,36.805
2023-10-15,Vi-DSP,Amz Pay Q3 23,Amz Pay Q3 23,Chennai_KV2_300x250,Chennai,1397,,29,,,,,,118.745
2023-10-15,Vi-DSP,Amz Pay Q3 23,Amz Pay Q3 23,Chennai_KV2_320x480,Chennai,213,,22,,,,,,18.105
2023-10-15,Vi-DSP,Amz Pay Q3 23,Amz Pay Q3 23,Chennai_KV2_336x280,Chennai,2671,,91,,,,,,227.035
2023-10-15,Vi-DSP,Amz Pay Q3 23,Amz Pay Q3 23,Chennai_KV3_300x250,Chennai,1369,,2,,,,,,116.365
2023-10-15,Vi-DSP,Amz Pay Q3 23,Amz Pay Q3 23,Chennai_KV3_320x480,Chennai,199,,0,,,,,,16.915
2023-10-15,Vi-DSP,Amz Pay Q3 23,Amz Pay Q3 23,Chennai_KV4_300x250,Chennai,1229,,40,,,,,,104.465
2023-10-15,Vi-DSP,Amz Pay Q3 23,Amz Pay Q3 23,Chennai_KV4_320x480,Chennai,5208,,27,,,,,,442.68
2023-10-15,Vi-DSP,Amz Pay Q3 23,Amz Pay Q3 23,Chennai_KV4_336x280,Chennai,2636,,122,,,,,,224.06
2023-10-15,Vi-DSP,Amz Pay Q3 23,Amz Pay Q3 23,Coimbatore_KV1_300x250,Coimbatore,1388,,5,,,,,,117.97999999999999
2023-10-15,Vi-DSP,Amz Pay Q3 23,Amz Pay Q3 23,Coimbatore_KV1_320x480,Coimbatore,812,,3,,,,,,69.02000000000001
2023-10-15,Vi-DSP,Amz Pay Q3 23,Amz Pay Q3 23,Coimbatore_KV2_300x250,Coimbatore,692,,52,,,,,,58.81999999999999
2023-10-15,Vi-DSP,Amz Pay Q3 23,Amz Pay Q3 23,Coimbatore_KV2_320x480,Coimbatore,386,,36,,,,,,32.81
2023-10-15,Vi-DSP,Amz Pay Q3 23,Amz Pay Q3 23,Coimbatore_KV2_336x280,Coimbatore,2986,,201,,,,,,253.81000000000003
2023-10-15,Vi-DSP,Amz Pay Q3 23,Amz Pay Q3 23,Coimbatore_KV3_300x250,Coimbatore,754,,2,,,,,,64.09
2023-10-15,Vi-DSP,Amz Pay Q3 23,Amz Pay Q3 23,Coimbatore_KV3_320x480,Coimbatore,380,,1,,,,,,32.3
2023-10-15,Vi-DSP,Amz Pay Q3 23,Amz Pay Q3 23,Coimbatore_KV4_300x250,Coimbatore,562,,55,,,,,,47.77
2023-10-15,Vi-DSP,Amz Pay Q3 23,Amz Pay Q3 23,Coimbatore_KV4_320x480,Coimbatore,396,,33,,,,,,33.660000000000004
2023-10-15,Vi-DSP,Amz Pay Q3 23,Amz Pay Q3 23,Coimbatore_KV4_336x280,Coimbatore,2622,,148,,,,,,222.87
2023-10-15,Vi-DSP,Amz Pay Q3 23,Amz Pay Q3 23,DelhiNCR_KV2_300x250,Delhi NCR,13823,,111,,,,,,1174.955
2023-10-15,Vi-DSP,Amz Pay Q3 23,Amz Pay Q3 23,DelhiNCR_KV2_320x480,Delhi NCR,1535,,41,,,,,,130.475
2023-10-15,Vi-DSP,Amz Pay Q3 23,Amz Pay Q3 23,DelhiNCR_KV2_336x280,Delhi NCR,23885,,108,,,,,,2030.2250000000001
2023-10-15,Vi-DSP,Amz Pay Q3 23,Amz Pay Q3 23,DelhiNCR_KV3_300x250,Delhi NCR,13891,,19,,,,,,1180.735
2023-10-15,Vi-DSP,Amz Pay Q3 23,Amz Pay Q3 23,DelhiNCR_KV3_320x480,Delhi NCR,1456,,3,,,,,,123.75999999999999
2023-10-15,Vi-DSP,Amz Pay Q3 23,Amz Pay Q3 23,DelhiNCR_KV4_300x250,Delhi NCR,12841,,107,,,,,,1091.485
2023-10-15,Vi-DSP,Amz Pay Q3 23,Amz Pay Q3 23,DelhiNCR_KV4_320x480,Delhi NCR,1485,,33,,,,,,126.22500000000001
2023-10-15,Vi-DSP,Amz Pay Q3 23,Amz Pay Q3 23,DelhiNCR_KV4_336x280,Delhi NCR,22120,,95,,,,,,1880.2
2023-10-15,Vi-DSP,Amz Pay Q3 23,Amz Pay Q3 23,DelhiNCR_KV1_300x250,Delhi NCR,13610,,18,,,,,,1156.85
2023-10-15,Vi-DSP,Amz Pay Q3 23,Amz Pay Q3 23,DelhiNCR_KV1_320x480,Delhi NCR,1483,,3,,,,,,126.055
2023-10-15,Vi-DSP,Amz Pay Q3 23,Amz Pay Q3 23,Ernamkulam_KV1_300x250,Ernamkulam,282,,0,,,,,,23.97
2023-10-15,Vi-DSP,Amz Pay Q3 23,Amz Pay Q3 23,Ernamkulam_KV1_320x480,Ernamkulam,339,,0,,,,,,28.815
2023-10-15,Vi-DSP,Amz Pay Q3 23,Amz Pay Q3 23,Ernamkulam_KV2_300x250,Ernamkulam,5144,,18,,,,,,437.24
2023-10-15,Vi-DSP,Amz Pay Q3 23,Amz Pay Q3 23,Ernamkulam_KV2_320x480,Ernamkulam,173,,12,,,,,,14.704999999999998
2023-10-15,Vi-DSP,Amz Pay Q3 23,Amz Pay Q3 23,Ernamkulam_KV2_336x280,Ernamkulam,10209,,40,,,,,,867.765
2023-10-15,Vi-DSP,Amz Pay Q3 23,Amz Pay Q3 23,Ernamkulam_KV3_300x250,Ernamkulam,139,,0,,,,,,11.815000000000001
2023-10-15,Vi-DSP,Amz Pay Q3 23,Amz Pay Q3 23,Ernamkulam_KV3_320x480,Ernamkulam,159,,0,,,,,,13.515
2023-10-15,Vi-DSP,Amz Pay Q3 23,Amz Pay Q3 23,Ernamkulam_KV4_300x250,Ernamkulam,5128,,19,,,,,,435.88
2023-10-15,Vi-DSP,Amz Pay Q3 23,Amz Pay Q3 23,Ernamkulam_KV4_320x480,Ernamkulam,154,,5,,,,,,13.09
2023-10-15,Vi-DSP,Amz Pay Q3 23,Amz Pay Q3 23,Ernamkulam_KV4_336x280,Ernamkulam,10166,,36,,,,,,864.11
2023-10-15,Vi-DSP,Amz Pay Q3 23,Amz Pay Q3 23,Hyderabad_KV1_300x250,Hyderabad,1687,,6,,,,,,143.395
2023-10-15,Vi-DSP,Amz Pay Q3 23,Amz Pay Q3 23,Hyderabad_KV1_320x480,Hyderabad,323,,9,,,,,,27.455000000000002
2023-10-15,Vi-DSP,Amz Pay Q3 23,Amz Pay Q3 23,Hyderabad_KV2_300x250,Hyderabad,1620,,80,,,,,,137.70000000000002
2023-10-15,Vi-DSP,Amz Pay Q3 23,Amz Pay Q3 23,Hyderabad_KV2_320x480,Hyderabad,33565,,238,,,,,,2853.0249999999996
2023-10-15,Vi-DSP,Amz Pay Q3 23,Amz Pay Q3 23,Hyderabad_KV2_336x280,Hyderabad,924,,19,,,,,,78.54
2023-10-15,Vi-DSP,Amz Pay Q3 23,Amz Pay Q3 23,Hyderabad_KV3_300x250,Hyderabad,1498,,1,,,,,,127.33
2023-10-15,Vi-DSP,Amz Pay Q3 23,Amz Pay Q3 23,Hyderabad_KV3_320x480,Hyderabad,312,,3,,,,,,26.52
2023-10-15,Vi-DSP,Amz Pay Q3 23,Amz Pay Q3 23,Hyderabad_KV4_300x250,Hyderabad,1242,,51,,,,,,105.57
2023-10-15,Vi-DSP,Amz Pay Q3 23,Amz Pay Q3 23,Hyderabad_KV4_320x480,Hyderabad,28554,,251,,,,,,2427.0899999999997
2023-10-15,Vi-DSP,Amz Pay Q3 23,Amz Pay Q3 23,Hyderabad_KV4_336x280,Hyderabad,789,,12,,,,,,67.065
2023-10-15,Vi-DSP,Amz Pay Q3 23,Amz Pay Q3 23,Jaipur_KV1_300x250,Jaipur,2620,,9,,,,,,222.70000000000002
2023-10-15,Vi-DSP,Amz Pay Q3 23,Amz Pay Q3 23,Jaipur_KV1_320x480,Jaipur,186,,1,,,,,,15.81
2023-10-15,Vi-DSP,Amz Pay Q3 23,Amz Pay Q3 23,Jaipur_KV2_300x250,Jaipur,2522,,57,,,,,,214.36999999999998
2023-10-15,Vi-DSP,Amz Pay Q3 23,Amz Pay Q3 23,Jaipur_KV2_320x480,Jaipur,199,,16,,,,,,16.915
2023-10-15,Vi-DSP,Amz Pay Q3 23,Amz Pay Q3 23,Jaipur_KV2_336x280,Jaipur,4314,,24,,,,,,366.69
2023-10-15,Vi-DSP,Amz Pay Q3 23,Amz Pay Q3 23,Jaipur_KV3_300x250,Jaipur,2557,,1,,,,,,217.345
2023-10-15,Vi-DSP,Amz Pay Q3 23,Amz Pay Q3 23,Jaipur_KV3_320x480,Jaipur,191,,1,,,,,,16.235
2023-10-15,Vi-DSP,Amz Pay Q3 23,Amz Pay Q3 23,Jaipur_KV4_300x250,Jaipur,2423,,53,,,,,,205.955
2023-10-15,Vi-DSP,Amz Pay Q3 23,Amz Pay Q3 23,Jaipur_KV4_320x480,Jaipur,165,,12,,,,,,14.025
2023-10-15,Vi-DSP,Amz Pay Q3 23,Amz Pay Q3 23,Jaipur_KV4_336x280,Jaipur,4044,,34,,,,,,343.73999999999995
2023-10-15,Vi-DSP,Amz Pay Q3 23,Amz Pay Q3 23,Mumbai_KV1_300x250,Mumbai,2190,,4,,,,,,186.15
2023-10-15,Vi-DSP,Amz Pay Q3 23,Amz Pay Q3 23,Mumbai_KV1_320x480,Mumbai,613,,0,,,,,,52.105
2023-10-15,Vi-DSP,Amz Pay Q3 23,Amz Pay Q3 23,Mumbai_KV2_300x250,Mumbai,2132,,70,,,,,,181.22
2023-10-15,Vi-DSP,Amz Pay Q3 23,Amz Pay Q3 23,Mumbai_KV2_320x480,Mumbai,582,,54,,,,,,49.47
2023-10-15,Vi-DSP,Amz Pay Q3 23,Amz Pay Q3 23,Mumbai_KV2_336x280,Mumbai,6068,,142,,,,,,515.78
2023-10-15,Vi-DSP,Amz Pay Q3 23,Amz Pay Q3 23,Mumbai_KV3_300x250,Mumbai,2196,,2,,,,,,186.66000000000003
2023-10-15,Vi-DSP,Amz Pay Q3 23,Amz Pay Q3 23,Mumbai_KV3_320x480,Mumbai,564,,1,,,,,,47.94
2023-10-15,Vi-DSP,Amz Pay Q3 23,Amz Pay Q3 23,Mumbai_KV4_300x250,Mumbai,1825,,71,,,,,,155.125
2023-10-15,Vi-DSP,Amz Pay Q3 23,Amz Pay Q3 23,Mumbai_KV4_320x480,Mumbai,513,,43,,,,,,43.605000000000004
2023-10-15,Vi-DSP,Amz Pay Q3 23,Amz Pay Q3 23,Mumbai_KV4_336x280,Mumbai,5962,,123,,,,,,506.77
2023-10-15,Vi-DSP,Amz Pay Q3 23,Amz Pay Q3 23,Pune_KV2_300x250,Pune,1624,,52,,,,,,138.04000000000002
2023-10-15,Vi-DSP,Amz Pay Q3 23,Amz Pay Q3 23,Pune_KV2_320x480,Pune,10159,,85,,,,,,863.5150000000001
2023-10-15,Vi-DSP,Amz Pay Q3 23,Amz Pay Q3 23,Pune_KV2_336x280,Pune,915,,10,,,,,,77.775
2023-10-15,Vi-DSP,Amz Pay Q3 23,Amz Pay Q3 23,Pune_KV3_300x250,Pune,1722,,9,,,,,,146.37
2023-10-15,Vi-DSP,Amz Pay Q3 23,Amz Pay Q3 23,Pune_KV3_320x480,Pune,131,,3,,,,,,11.135
2023-10-15,Vi-DSP,Amz Pay Q3 23,Amz Pay Q3 23,Pune_KV4_300x250,Pune,1198,,58,,,,,,101.83
2023-10-15,Vi-DSP,Amz Pay Q3 23,Amz Pay Q3 23,Pune_KV4_320x480,Pune,10145,,98,,,,,,862.3249999999999
2023-10-15,Vi-DSP,Amz Pay Q3 23,Amz Pay Q3 23,Pune_KV4_336x280,Pune,776,,21,,,,,,65.96000000000001
2023-10-15,Vi-DSP,Amz Pay Q3 23,Amz Pay Q3 23,Pune_KV1_300x250,Pune,1632,,3,,,,,,138.72
2023-10-15,Vi-DSP,Amz Pay Q3 23,Amz Pay Q3 23,Pune_KV1_320x480,Pune,119,,0,,,,,,10.115
2023-10-15,Vi-DSP,Amz Pay Q3 23,Amz Pay Q3 23,ROKarnataka_KV1_300x250,RKT,9578,,32,,,,,,814.13
2023-10-15,Vi-DSP,Amz Pay Q3 23,Amz Pay Q3 23,ROKarnataka_KV1_320x480,RKT,547,,8,,,,,,46.495000000000005
2023-10-15,Vi-DSP,Amz Pay Q3 23,Amz Pay Q3 23,ROKarnataka_KV2_300x250,RKT,6568,,107,,,,,,558.28
2023-10-15,Vi-DSP,Amz Pay Q3 23,Amz Pay Q3 23,ROKarnataka_KV2_320x480,RKT,281,,5,,,,,,23.885
2023-10-15,Vi-DSP,Amz Pay Q3 23,Amz Pay Q3 23,ROKarnataka_KV2_336x280,RKT,13875,,67,,,,,,1179.375
2023-10-15,Vi-DSP,Amz Pay Q3 23,Amz Pay Q3 23,ROKarnataka_KV3_300x250,RKT,9529,,14,,,,,,809.965
2023-10-15,Vi-DSP,Amz Pay Q3 23,Amz Pay Q3 23,ROKarnataka_KV3_320x480,RKT,296,,2,,,,,,25.16
2023-10-15,Vi-DSP,Amz Pay Q3 23,Amz Pay Q3 23,ROKarnataka_KV4_300x250,RKT,8869,,102,,,,,,753.865
2023-10-15,Vi-DSP,Amz Pay Q3 23,Amz Pay Q3 23,ROKarnataka_KV4_320x480,RKT,282,,6,,,,,,23.97
2023-10-15,Vi-DSP,Amz Pay Q3 23,Amz Pay Q3 23,ROKarnataka_KV4_336x280,RKT,9598,,70,,,,,,815.83
2023-10-15,Vi-DSP,Amz Pay Q3 23,Amz Pay Q3 23,ROMAH_KV1_300x250,RMH,7506,,48,,,,,,638.01
2023-10-15,Vi-DSP,Amz Pay Q3 23,Amz Pay Q3 23,ROMAH_KV1_320x480,RMH,614,,0,,,,,,52.19
2023-10-15,Vi-DSP,Amz Pay Q3 23,Amz Pay Q3 23,ROMAH_KV2_300x250,RMH,3758,,140,,,,,,319.43
2023-10-15,Vi-DSP,Amz Pay Q3 23,Amz Pay Q3 23,ROMAH_KV2_320x480,RMH,25054,,208,,,,,,2129.5899999999997
2023-10-15,Vi-DSP,Amz Pay Q3 23,Amz Pay Q3 23,ROMAH_KV2_336x280,RMH,3195,,62,,,,,,271.575
2023-10-15,Vi-DSP,Amz Pay Q3 23,Amz Pay Q3 23,ROMAH_KV3_300x250,RMH,3908,,26,,,,,,332.18
2023-10-15,Vi-DSP,Amz Pay Q3 23,Amz Pay Q3 23,ROMAH_KV3_320x480,RMH,263,,1,,,,,,22.355
2023-10-15,Vi-DSP,Amz Pay Q3 23,Amz Pay Q3 23,ROMAH_KV4_300x250,RMH,2876,,113,,,,,,244.45999999999998
2023-10-15,Vi-DSP,Amz Pay Q3 23,Amz Pay Q3 23,ROMAH_KV4_320x480,RMH,10289,,189,,,,,,874.5649999999999
2023-10-15,Vi-DSP,Amz Pay Q3 23,Amz Pay Q3 23,ROMAH_KV4_336x280,RMH,2344,,44,,,,,,199.23999999999998
2023-10-15,Vi-DSP,Amz Pay Q3 23,Amz Pay Q3 23,ROAP+Tel_KV1_300x250,RO AP+Tel,6152,,19,,,,,,522.92
2023-10-15,Vi-DSP,Amz Pay Q3 23,Amz Pay Q3 23,ROAP+Tel_KV1_320x480,RO AP+Tel,1761,,9,,,,,,149.685
2023-10-15,Vi-DSP,Amz Pay Q3 23,Amz Pay Q3 23,ROAP+Tel_KV2_300x250,RO AP+Tel,3000,,102,,,,,,255.0
2023-10-15,Vi-DSP,Amz Pay Q3 23,Amz Pay Q3 23,ROAP+Tel_KV2_320x480,RO AP+Tel,859,,41,,,,,,73.015
2023-10-15,Vi-DSP,Amz Pay Q3 23,Amz Pay Q3 23,ROAP+Tel_KV2_336x280,RO AP+Tel,2377,,181,,,,,,202.045
2023-10-15,Vi-DSP,Amz Pay Q3 23,Amz Pay Q3 23,ROAP+Tel_KV3_300x250,RO AP+Tel,2966,,8,,,,,,252.11
2023-10-15,Vi-DSP,Amz Pay Q3 23,Amz Pay Q3 23,ROAP+Tel_KV3_320x480,RO AP+Tel,862,,8,,,,,,73.27
2023-10-15,Vi-DSP,Amz Pay Q3 23,Amz Pay Q3 23,ROAP+Tel_KV4_300x250,RO AP+Tel,2571,,82,,,,,,218.53500000000003
2023-10-15,Vi-DSP,Amz Pay Q3 23,Amz Pay Q3 23,ROAP+Tel_KV4_320x480,RO AP+Tel,923,,37,,,,,,78.455
2023-10-15,Vi-DSP,Amz Pay Q3 23,Amz Pay Q3 23,ROAP+Tel_KV4_336x280,RO AP+Tel,1942,,183,,,,,,165.07
2023-10-15,Vi-DSP,Amz Pay Q3 23,Amz Pay Q3 23,ROTN_KV1_300x250,RTN,2528,,4,,,,,,214.88
2023-10-15,Vi-DSP,Amz Pay Q3 23,Amz Pay Q3 23,ROTN_KV1_320x480,RTN,349,,3,,,,,,29.665
2023-10-15,Vi-DSP,Amz Pay Q3 23,Amz Pay Q3 23,ROTN_KV2_300x250,RTN,1254,,46,,,,,,106.59
2023-10-15,Vi-DSP,Amz Pay Q3 23,Amz Pay Q3 23,ROTN_KV2_320x480,RTN,10187,,99,,,,,,865.895
2023-10-15,Vi-DSP,Amz Pay Q3 23,Amz Pay Q3 23,ROTN_KV2_336x280,RTN,2807,,31,,,,,,238.595
2023-10-15,Vi-DSP,Amz Pay Q3 23,Amz Pay Q3 23,ROTN_KV3_300x250,RTN,1326,,4,,,,,,112.71000000000001
2023-10-15,Vi-DSP,Amz Pay Q3 23,Amz Pay Q3 23,ROTN_KV3_320x480,RTN,211,,0,,,,,,17.935
2023-10-15,Vi-DSP,Amz Pay Q3 23,Amz Pay Q3 23,ROTN_KV4_300x250,RTN,1070,,47,,,,,,90.95
2023-10-15,Vi-DSP,Amz Pay Q3 23,Amz Pay Q3 23,ROTN_KV4_320x480,RTN,10192,,108,,,,,,866.32
2023-10-15,Vi-DSP,Amz Pay Q3 23,Amz Pay Q3 23,ROTN_KV4_336x280,RTN,2697,,25,,,,,,229.245
2023-10-15,Vi-DSP,Amz Pay Q3 23,Amz Pay Q3 23,Thrissur_KV1_300x250,Thrissur,188,,0,,,,,,15.98
2023-10-15,Vi-DSP,Amz Pay Q3 23,Amz Pay Q3 23,Thrissur_KV1_320x480,Thrissur,465,,0,,,,,,39.525
2023-10-15,Vi-DSP,Amz Pay Q3 23,Amz Pay Q3 23,Thrissur_KV2_300x250,Thrissur,5087,,13,,,,,,432.395
2023-10-15,Vi-DSP,Amz Pay Q3 23,Amz Pay Q3 23,Thrissur_KV2_320x480,Thrissur,204,,11,,,,,,17.34
2023-10-15,Vi-DSP,Amz Pay Q3 23,Amz Pay Q3 23,Thrissur_KV2_336x280,Thrissur,1106,,31,,,,,,94.01
2023-10-15,Vi-DSP,Amz Pay Q3 23,Amz Pay Q3 23,Thrissur_KV3_300x250,Thrissur,90,,0,,,,,,7.6499999999999995
2023-10-15,Vi-DSP,Amz Pay Q3 23,Amz Pay Q3 23,Thrissur_KV3_320x480,Thrissur,251,,1,,,,,,21.335
2023-10-15,Vi-DSP,Amz Pay Q3 23,Amz Pay Q3 23,Thrissur_KV4_300x250,Thrissur,1076,,17,,,,,,91.46000000000001
2023-10-15,Vi-DSP,Amz Pay Q3 23,Amz Pay Q3 23,Thrissur_KV4_320x480,Thrissur,218,,8,,,,,,18.53
2023-10-15,Vi-DSP,Amz Pay Q3 23,Amz Pay Q3 23,Thrissur_KV4_336x280,Thrissur,1049,,18,,,,,,89.16499999999999
2023-10-15,Vi-DSP,Amz Pay Q3 23,Amz Pay Q3 23,Tiruvanthapuram_KV1_300x250,Tiruvanthapuram,526,,3,,,,,,44.71
2023-10-15,Vi-DSP,Amz Pay Q3 23,Amz Pay Q3 23,Tiruvanthapuram_KV1_320x480,Tiruvanthapuram,402,,1,,,,,,34.17
2023-10-15,Vi-DSP,Amz Pay Q3 23,Amz Pay Q3 23,Tiruvanthapuram_KV2_300x250,Tiruvanthapuram,5226,,25,,,,,,444.21
2023-10-15,Vi-DSP,Amz Pay Q3 23,Amz Pay Q3 23,Tiruvanthapuram_KV2_320x480,Tiruvanthapuram,167,,9,,,,,,14.195
2023-10-15,Vi-DSP,Amz Pay Q3 23,Amz Pay Q3 23,Tiruvanthapuram_KV2_336x280,Tiruvanthapuram,1325,,28,,,,,,112.625
2023-10-15,Vi-DSP,Amz Pay Q3 23,Amz Pay Q3 23,Tiruvanthapuram_KV3_300x250,Tiruvanthapuram,242,,0,,,,,,20.57
2023-10-15,Vi-DSP,Amz Pay Q3 23,Amz Pay Q3 23,Tiruvanthapuram_KV3_320x480,Tiruvanthapuram,197,,0,,,,,,16.745
2023-10-15,Vi-DSP,Amz Pay Q3 23,Amz Pay Q3 23,Tiruvanthapuram_KV4_300x250,Tiruvanthapuram,237,,21,,,,,,20.145
2023-10-15,Vi-DSP,Amz Pay Q3 23,Amz Pay Q3 23,Tiruvanthapuram_KV4_320x480,Tiruvanthapuram,170,,2,,,,,,14.450000000000001
2023-10-15,Vi-DSP,Amz Pay Q3 23,Amz Pay Q3 23,Tiruvanthapuram_KV4_336x280,Tiruvanthapuram,1222,,46,,,,,,103.87
2023-10-15,Vi-DSP,Amz Pay Q3 23,Amz Pay Q3 23,WB_KV1_300x250,WB,2971,,17,,,,,,252.535
2023-10-15,Vi-DSP,Amz Pay Q3 23,Amz Pay Q3 23,WB_KV1_320x480,WB,169,,0,,,,,,14.365
2023-10-15,Vi-DSP,Amz Pay Q3 23,Amz Pay Q3 23,WB_KV2_300x250,WB,3087,,106,,,,,,262.39500000000004
2023-10-15,Vi-DSP,Amz Pay Q3 23,Amz Pay Q3 23,WB_KV2_320x480,WB,19165,,183,,,,,,1629.0249999999999
2023-10-15,Vi-DSP,Amz Pay Q3 23,Amz Pay Q3 23,WB_KV2_336x280,WB,2439,,53,,,,,,207.315
2023-10-15,Vi-DSP,Amz Pay Q3 23,Amz Pay Q3 23,WB_KV3_300x250,WB,3007,,18,,,,,,255.595
2023-10-15,Vi-DSP,Amz Pay Q3 23,Amz Pay Q3 23,WB_KV3_320x480,WB,204,,1,,,,,,17.34
2023-10-15,Vi-DSP,Amz Pay Q3 23,Amz Pay Q3 23,WB_KV4_300x250,WB,2372,,109,,,,,,201.62
2023-10-15,Vi-DSP,Amz Pay Q3 23,Amz Pay Q3 23,WB_KV4_320x480,WB,18434,,179,,,,,,1566.89
2023-10-15,Vi-DSP,Amz Pay Q3 23,Amz Pay Q3 23,WB_KV4_336x280,WB,1734,,35,,,,,,147.39
2023-10-16,Vi-DSP,Amz Pay Q3 23,Amz Pay Q3 23,Ahmedbad_KV1_300x250,Ahmedabad,3350,,13,,,,,,284.75
2023-10-16,Vi-DSP,Amz Pay Q3 23,Amz Pay Q3 23,Ahmedbad_KV1_320x480,Ahmedabad,412,,1,,,,,,35.019999999999996
2023-10-16,Vi-DSP,Amz Pay Q3 23,Amz Pay Q3 23,Ahmedbad_KV2_300x250,Ahmedabad,3426,,91,,,,,,291.21000000000004
2023-10-16,Vi-DSP,Amz Pay Q3 23,Amz Pay Q3 23,Ahmedbad_KV2_320x480,Ahmedabad,383,,65,,,,,,32.555
2023-10-16,Vi-DSP,Amz Pay Q3 23,Amz Pay Q3 23,Ahmedbad_KV2_336x280,Ahmedabad,2878,,214,,,,,,244.63
2023-10-16,Vi-DSP,Amz Pay Q3 23,Amz Pay Q3 23,Ahmedbad_KV3_300x250,Ahmedabad,3332,,10,,,,,,283.21999999999997
2023-10-16,Vi-DSP,Amz Pay Q3 23,Amz Pay Q3 23,Ahmedbad_KV3_320x480,Ahmedabad,383,,4,,,,,,32.555
2023-10-16,Vi-DSP,Amz Pay Q3 23,Amz Pay Q3 23,Ahmedbad_KV4_300x250,Ahmedabad,2725,,95,,,,,,231.625
2023-10-16,Vi-DSP,Amz Pay Q3 23,Amz Pay Q3 23,Ahmedbad_KV4_320x480,Ahmedabad,433,,72,,,,,,36.805
2023-10-16,Vi-DSP,Amz Pay Q3 23,Amz Pay Q3 23,Ahmedbad_KV4_336x280,Ahmedabad,1933,,183,,,,,,164.305
2023-10-16,Vi-DSP,Amz Pay Q3 23,Amz Pay Q3 23,Bangalore_KV1_300x250,Bangalore,14422,,20,,,,,,1225.8700000000001
2023-10-16,Vi-DSP,Amz Pay Q3 23,Amz Pay Q3 23,Bangalore_KV1_320x480,Bangalore,702,,3,,,,,,59.669999999999995
2023-10-16,Vi-DSP,Amz Pay Q3 23,Amz Pay Q3 23,Bangalore_KV2_300x250,Bangalore,14305,,173,,,,,,1215.925
2023-10-16,Vi-DSP,Amz Pay Q3 23,Amz Pay Q3 23,Bangalore_KV2_320x480,Bangalore,696,,53,,,,,,59.16
2023-10-16,Vi-DSP,Amz Pay Q3 23,Amz Pay Q3 23,Bangalore_KV2_336x280,Bangalore,23786,,135,,,,,,2021.8100000000002
2023-10-16,Vi-DSP,Amz Pay Q3 23,Amz Pay Q3 23,Bangalore_KV3_300x250,Bangalore,14345,,17,,,,,,1219.325
2023-10-16,Vi-DSP,Amz Pay Q3 23,Amz Pay Q3 23,Bangalore_KV3_320x480,Bangalore,723,,1,,,,,,61.455
2023-10-16,Vi-DSP,Amz Pay Q3 23,Amz Pay Q3 23,Bangalore_KV4_300x250,Bangalore,13752,,172,,,,,,1168.92
2023-10-16,Vi-DSP,Amz Pay Q3 23,Amz Pay Q3 23,Bangalore_KV4_320x480,Bangalore,671,,40,,,,,,57.035000000000004
2023-10-16,Vi-DSP,Amz Pay Q3 23,Amz Pay Q3 23,Bangalore_KV4_336x280,Bangalore,23516,,157,,,,,,1998.86
2023-10-16,Vi-DSP,Amz Pay Q3 23,Amz Pay Q3 23,Chennai_KV1_300x250,Chennai,10650,,9,,,,,,905.25
2023-10-16,Vi-DSP,Amz Pay Q3 23,Amz Pay Q3 23,Chennai_KV1_320x480,Chennai,2222,,2,,,,,,188.87
2023-10-16,Vi-DSP,Amz Pay Q3 23,Amz Pay Q3 23,Chennai_KV2_300x250,Chennai,5330,,84,,,,,,453.05
2023-10-16,Vi-DSP,Amz Pay Q3 23,Amz Pay Q3 23,Chennai_KV2_320x480,Chennai,1108,,87,,,,,,94.18
2023-10-16,Vi-DSP,Amz Pay Q3 23,Amz Pay Q3 23,Chennai_KV2_336x280,Chennai,5952,,282,,,,,,505.92
2023-10-16,Vi-DSP,Amz Pay Q3 23,Amz Pay Q3 23,Chennai_KV3_300x250,Chennai,5447,,4,,,,,,462.995
2023-10-16,Vi-DSP,Amz Pay Q3 23,Amz Pay Q3 23,Chennai_KV3_320x480,Chennai,1103,,2,,,,,,93.755
2023-10-16,Vi-DSP,Amz Pay Q3 23,Amz Pay Q3 23,Chennai_KV4_300x250,Chennai,5184,,71,,,,,,440.64
2023-10-16,Vi-DSP,Amz Pay Q3 23,Amz Pay Q3 23,Chennai_KV4_320x480,Chennai,1085,,91,,,,,,92.225
2023-10-16,Vi-DSP,Amz Pay Q3 23,Amz Pay Q3 23,Chennai_KV4_336x280,Chennai,5992,,317,,,,,,509.32
2023-10-16,Vi-DSP,Amz Pay Q3 23,Amz Pay Q3 23,Coimbatore_KV1_300x250,Coimbatore,1808,,9,,,,,,153.68
2023-10-16,Vi-DSP,Amz Pay Q3 23,Amz Pay Q3 23,Coimbatore_KV1_320x480,Coimbatore,2530,,7,,,,,,215.04999999999998
2023-10-16,Vi-DSP,Amz Pay Q3 23,Amz Pay Q3 23,Coimbatore_KV2_300x250,Coimbatore,800,,25,,,,,,68.0
2023-10-16,Vi-DSP,Amz Pay Q3 23,Amz Pay Q3 23,Coimbatore_KV2_320x480,Coimbatore,1217,,41,,,,,,103.44500000000001
2023-10-16,Vi-DSP,Amz Pay Q3 23,Amz Pay Q3 23,Coimbatore_KV2_336x280,Coimbatore,4321,,91,,,,,,367.28499999999997
2023-10-16,Vi-DSP,Amz Pay Q3 23,Amz Pay Q3 23,Coimbatore_KV3_300x250,Coimbatore,812,,2,,,,,,69.02000000000001
2023-10-16,Vi-DSP,Amz Pay Q3 23,Amz Pay Q3 23,Coimbatore_KV3_320x480,Coimbatore,1259,,4,,,,,,107.01499999999999
2023-10-16,Vi-DSP,Amz Pay Q3 23,Amz Pay Q3 23,Coimbatore_KV4_300x250,Coimbatore,655,,36,,,,,,55.675000000000004
2023-10-16,Vi-DSP,Amz Pay Q3 23,Amz Pay Q3 23,Coimbatore_KV4_320x480,Coimbatore,1274,,45,,,,,,108.29
2023-10-16,Vi-DSP,Amz Pay Q3 23,Amz Pay Q3 23,Coimbatore_KV4_336x280,Coimbatore,3893,,88,,,,,,330.905
2023-10-16,Vi-DSP,Amz Pay Q3 23,Amz Pay Q3 23,DelhiNCR_KV1_300x250,Delhi NCR,30905,,34,,,,,,2626.925
2023-10-16,Vi-DSP,Amz Pay Q3 23,Amz Pay Q3 23,DelhiNCR_KV1_320x480,Delhi NCR,7123,,21,,,,,,605.455
2023-10-16,Vi-DSP,Amz Pay Q3 23,Amz Pay Q3 23,DelhiNCR_KV2_300x250,Delhi NCR,30473,,203,,,,,,2590.205
2023-10-16,Vi-DSP,Amz Pay Q3 23,Amz Pay Q3 23,DelhiNCR_KV2_320x480,Delhi NCR,7183,,74,,,,,,610.555
2023-10-16,Vi-DSP,Amz Pay Q3 23,Amz Pay Q3 23,DelhiNCR_KV2_336x280,Delhi NCR,50198,,265,,,,,,4266.83
2023-10-16,Vi-DSP,Amz Pay Q3 23,Amz Pay Q3 23,DelhiNCR_KV3_300x250,Delhi NCR,31038,,36,,,,,,2638.23
2023-10-16,Vi-DSP,Amz Pay Q3 23,Amz Pay Q3 23,DelhiNCR_KV3_320x480,Delhi NCR,7231,,10,,,,,,614.635
2023-10-16,Vi-DSP,Amz Pay Q3 23,Amz Pay Q3 23,DelhiNCR_KV4_300x250,Delhi NCR,29123,,186,,,,,,2475.455
2023-10-16,Vi-DSP,Amz Pay Q3 23,Amz Pay Q3 23,DelhiNCR_KV4_320x480,Delhi NCR,7189,,78,,,,,,611.065
2023-10-16,Vi-DSP,Amz Pay Q3 23,Amz Pay Q3 23,DelhiNCR_KV4_336x280,Delhi NCR,47158,,262,,,,,,4008.4300000000003
2023-10-16,Vi-DSP,Amz Pay Q3 23,Amz Pay Q3 23,Ernamkulam_KV1_300x250,Ernamkulam,537,,1,,,,,,45.645
2023-10-16,Vi-DSP,Amz Pay Q3 23,Amz Pay Q3 23,Ernamkulam_KV1_320x480,Ernamkulam,680,,0,,,,,,57.800000000000004
2023-10-16,Vi-DSP,Amz Pay Q3 23,Amz Pay Q3 23,Ernamkulam_KV2_300x250,Ernamkulam,286,,40,,,,,,24.31
2023-10-16,Vi-DSP,Amz Pay Q3 23,Amz Pay Q3 23,Ernamkulam_KV2_320x480,Ernamkulam,353,,13,,,,,,30.005
2023-10-16,Vi-DSP,Amz Pay Q3 23,Amz Pay Q3 23,Ernamkulam_KV2_336x280,Ernamkulam,16848,,61,,,,,,1432.08
2023-10-16,Vi-DSP,Amz Pay Q3 23,Amz Pay Q3 23,Ernamkulam_KV3_300x250,Ernamkulam,298,,0,,,,,,25.33
2023-10-16,Vi-DSP,Amz Pay Q3 23,Amz Pay Q3 23,Ernamkulam_KV3_320x480,Ernamkulam,330,,0,,,,,,28.05
2023-10-16,Vi-DSP,Amz Pay Q3 23,Amz Pay Q3 23,Ernamkulam_KV4_300x250,Ernamkulam,279,,39,,,,,,23.715000000000003
2023-10-16,Vi-DSP,Amz Pay Q3 23,Amz Pay Q3 23,Ernamkulam_KV4_320x480,Ernamkulam,341,,16,,,,,,28.985000000000003
2023-10-16,Vi-DSP,Amz Pay Q3 23,Amz Pay Q3 23,Ernamkulam_KV4_336x280,Ernamkulam,13874,,58,,,,,,1179.29
2023-10-16,Vi-DSP,Amz Pay Q3 23,Amz Pay Q3 23,Hyderabad_KV1_300x250,Hyderabad,3078,,7,,,,,,261.63
2023-10-16,Vi-DSP,Amz Pay Q3 23,Amz Pay Q3 23,Hyderabad_KV1_320x480,Hyderabad,724,,0,,,,,,61.54
2023-10-16,Vi-DSP,Amz Pay Q3 23,Amz Pay Q3 23,Hyderabad_KV2_300x250,Hyderabad,3050,,129,,,,,,259.25
2023-10-16,Vi-DSP,Amz Pay Q3 23,Amz Pay Q3 23,Hyderabad_KV2_320x480,Hyderabad,27484,,433,,,,,,2336.1400000000003
2023-10-16,Vi-DSP,Amz Pay Q3 23,Amz Pay Q3 23,Hyderabad_KV2_336x280,Hyderabad,2018,,45,,,,,,171.52999999999997
2023-10-16,Vi-DSP,Amz Pay Q3 23,Amz Pay Q3 23,Hyderabad_KV3_300x250,Hyderabad,3099,,9,,,,,,263.415
2023-10-16,Vi-DSP,Amz Pay Q3 23,Amz Pay Q3 23,Hyderabad_KV3_320x480,Hyderabad,680,,0,,,,,,57.800000000000004
2023-10-16,Vi-DSP,Amz Pay Q3 23,Amz Pay Q3 23,Hyderabad_KV4_300x250,Hyderabad,2742,,97,,,,,,233.07
2023-10-16,Vi-DSP,Amz Pay Q3 23,Amz Pay Q3 23,Hyderabad_KV4_320x480,Hyderabad,35794,,379,,,,,,3042.49
2023-10-16,Vi-DSP,Amz Pay Q3 23,Amz Pay Q3 23,Hyderabad_KV4_336x280,Hyderabad,1747,,31,,,,,,148.495
2023-10-16,Vi-DSP,Amz Pay Q3 23,Amz Pay Q3 23,Jaipur_KV1_300x250,Jaipur,7636,,17,,,,,,649.0600000000001
2023-10-16,Vi-DSP,Amz Pay Q3 23,Amz Pay Q3 23,Jaipur_KV1_320x480,Jaipur,1120,,5,,,,,,95.2
2023-10-16,Vi-DSP,Amz Pay Q3 23,Amz Pay Q3 23,Jaipur_KV2_300x250,Jaipur,7842,,116,,,,,,666.5699999999999
2023-10-16,Vi-DSP,Amz Pay Q3 23,Amz Pay Q3 23,Jaipur_KV2_320x480,Jaipur,1206,,42,,,,,,102.50999999999999
2023-10-16,Vi-DSP,Amz Pay Q3 23,Amz Pay Q3 23,Jaipur_KV2_336x280,Jaipur,10806,,191,,,,,,918.5099999999999
2023-10-16,Vi-DSP,Amz Pay Q3 23,Amz Pay Q3 23,Jaipur_KV3_300x250,Jaipur,7905,,14,,,,,,671.9250000000001
2023-10-16,Vi-DSP,Amz Pay Q3 23,Amz Pay Q3 23,Jaipur_KV3_320x480,Jaipur,1189,,2,,,,,,101.065
2023-10-16,Vi-DSP,Amz Pay Q3 23,Amz Pay Q3 23,Jaipur_KV4_300x250,Jaipur,7497,,113,,,,,,637.245
2023-10-16,Vi-DSP,Amz Pay Q3 23,Amz Pay Q3 23,Jaipur_KV4_320x480,Jaipur,1248,,37,,,,,,106.08
2023-10-16,Vi-DSP,Amz Pay Q3 23,Amz Pay Q3 23,Jaipur_KV4_336x280,Jaipur,9678,,185,,,,,,822.6300000000001
2023-10-16,Vi-DSP,Amz Pay Q3 23,Amz Pay Q3 23,Mumbai_KV1_300x250,Mumbai,3986,,10,,,,,,338.81
2023-10-16,Vi-DSP,Amz Pay Q3 23,Amz Pay Q3 23,Mumbai_KV1_320x480,Mumbai,1173,,1,,,,,,99.705
2023-10-16,Vi-DSP,Amz Pay Q3 23,Amz Pay Q3 23,Mumbai_KV2_300x250,Mumbai,3823,,147,,,,,,324.955
2023-10-16,Vi-DSP,Amz Pay Q3 23,Amz Pay Q3 23,Mumbai_KV2_320x480,Mumbai,1186,,105,,,,,,100.81
2023-10-16,Vi-DSP,Amz Pay Q3 23,Amz Pay Q3 23,Mumbai_KV2_336x280,Mumbai,1694,,217,,,,,,143.99
2023-10-16,Vi-DSP,Amz Pay Q3 23,Amz Pay Q3 23,Mumbai_KV3_300x250,Mumbai,4039,,7,,,,,,343.315
2023-10-16,Vi-DSP,Amz Pay Q3 23,Amz Pay Q3 23,Mumbai_KV3_320x480,Mumbai,1208,,0,,,,,,102.67999999999999
2023-10-16,Vi-DSP,Amz Pay Q3 23,Amz Pay Q3 23,Mumbai_KV4_300x250,Mumbai,3712,,101,,,,,,315.52000000000004
2023-10-16,Vi-DSP,Amz Pay Q3 23,Amz Pay Q3 23,Mumbai_KV4_320x480,Mumbai,1216,,105,,,,,,103.36
2023-10-16,Vi-DSP,Amz Pay Q3 23,Amz Pay Q3 23,Mumbai_KV4_336x280,Mumbai,1454,,183,,,,,,123.59
2023-10-16,Vi-DSP,Amz Pay Q3 23,Amz Pay Q3 23,Pune_KV1_300x250,Pune,3168,,12,,,,,,269.28000000000003
2023-10-16,Vi-DSP,Amz Pay Q3 23,Amz Pay Q3 23,Pune_KV1_320x480,Pune,424,,0,,,,,,36.04
2023-10-16,Vi-DSP,Amz Pay Q3 23,Amz Pay Q3 23,Pune_KV2_300x250,Pune,3335,,84,,,,,,283.475
2023-10-16,Vi-DSP,Amz Pay Q3 23,Amz Pay Q3 23,Pune_KV2_320x480,Pune,24585,,162,,,,,,2089.725
2023-10-16,Vi-DSP,Amz Pay Q3 23,Amz Pay Q3 23,Pune_KV2_336x280,Pune,2523,,31,,,,,,214.455
2023-10-16,Vi-DSP,Amz Pay Q3 23,Amz Pay Q3 23,Pune_KV3_300x250,Pune,3351,,10,,,,,,284.835
2023-10-16,Vi-DSP,Amz Pay Q3 23,Amz Pay Q3 23,Pune_KV3_320x480,Pune,423,,3,,,,,,35.955
2023-10-16,Vi-DSP,Amz Pay Q3 23,Amz Pay Q3 23,Pune_KV4_300x250,Pune,2689,,65,,,,,,228.565
2023-10-16,Vi-DSP,Amz Pay Q3 23,Amz Pay Q3 23,Pune_KV4_320x480,Pune,44857,,179,,,,,,3812.845
2023-10-16,Vi-DSP,Amz Pay Q3 23,Amz Pay Q3 23,Pune_KV4_336x280,Pune,1704,,35,,,,,,144.84
2023-10-16,Vi-DSP,Amz Pay Q3 23,Amz Pay Q3 23,ROAP+Tel_KV1_300x250,RO AP+Tel,10444,,30,,,,,,887.7400000000001
2023-10-16,Vi-DSP,Amz Pay Q3 23,Amz Pay Q3 23,ROAP+Tel_KV1_320x480,RO AP+Tel,2418,,8,,,,,,205.53
2023-10-16,Vi-DSP,Amz Pay Q3 23,Amz Pay Q3 23,ROAP+Tel_KV2_300x250,RO AP+Tel,5251,,141,,,,,,446.33500000000004
2023-10-16,Vi-DSP,Amz Pay Q3 23,Amz Pay Q3 23,ROAP+Tel_KV2_320x480,RO AP+Tel,1273,,113,,,,,,108.205
2023-10-16,Vi-DSP,Amz Pay Q3 23,Amz Pay Q3 23,ROAP+Tel_KV2_336x280,RO AP+Tel,4294,,211,,,,,,364.98999999999995
2023-10-16,Vi-DSP,Amz Pay Q3 23,Amz Pay Q3 23,ROAP+Tel_KV3_300x250,RO AP+Tel,5063,,19,,,,,,430.35499999999996
2023-10-16,Vi-DSP,Amz Pay Q3 23,Amz Pay Q3 23,ROAP+Tel_KV3_320x480,RO AP+Tel,1232,,2,,,,,,104.72
2023-10-16,Vi-DSP,Amz Pay Q3 23,Amz Pay Q3 23,ROAP+Tel_KV4_300x250,RO AP+Tel,4439,,137,,,,,,377.315
2023-10-16,Vi-DSP,Amz Pay Q3 23,Amz Pay Q3 23,ROAP+Tel_KV4_320x480,RO AP+Tel,1248,,123,,,,,,106.08
2023-10-16,Vi-DSP,Amz Pay Q3 23,Amz Pay Q3 23,ROAP+Tel_KV4_336x280,RO AP+Tel,3588,,246,,,,,,304.98
2023-10-16,Vi-DSP,Amz Pay Q3 23,Amz Pay Q3 23,ROKarnataka_KV1_300x250,RKT,28519,,70,,,,,,2424.115
2023-10-16,Vi-DSP,Amz Pay Q3 23,Amz Pay Q3 23,ROKarnataka_KV1_320x480,RKT,1612,,3,,,,,,137.02
2023-10-16,Vi-DSP,Amz Pay Q3 23,Amz Pay Q3 23,ROKarnataka_KV2_300x250,RKT,12887,,297,,,,,,1095.395
2023-10-16,Vi-DSP,Amz Pay Q3 23,Amz Pay Q3 23,ROKarnataka_KV2_320x480,RKT,833,,17,,,,,,70.80499999999999
2023-10-16,Vi-DSP,Amz Pay Q3 23,Amz Pay Q3 23,ROKarnataka_KV2_336x280,RKT,33986,,173,,,,,,2888.81
2023-10-16,Vi-DSP,Amz Pay Q3 23,Amz Pay Q3 23,ROKarnataka_KV3_300x250,RKT,10434,,31,,,,,,886.89
2023-10-16,Vi-DSP,Amz Pay Q3 23,Amz Pay Q3 23,ROKarnataka_KV3_320x480,RKT,810,,4,,,,,,68.85000000000001
2023-10-16,Vi-DSP,Amz Pay Q3 23,Amz Pay Q3 23,ROKarnataka_KV4_300x250,RKT,12889,,258,,,,,,1095.565
2023-10-16,Vi-DSP,Amz Pay Q3 23,Amz Pay Q3 23,ROKarnataka_KV4_320x480,RKT,873,,19,,,,,,74.205
2023-10-16,Vi-DSP,Amz Pay Q3 23,Amz Pay Q3 23,ROKarnataka_KV4_336x280,RKT,33636,,145,,,,,,2859.0600000000004
2023-10-16,Vi-DSP,Amz Pay Q3 23,Amz Pay Q3 23,ROMAH_KV1_300x250,RMH,10591,,46,,,,,,900.2349999999999
2023-10-16,Vi-DSP,Amz Pay Q3 23,Amz Pay Q3 23,ROMAH_KV1_320x480,RMH,1209,,0,,,,,,102.765
2023-10-16,Vi-DSP,Amz Pay Q3 23,Amz Pay Q3 23,ROMAH_KV2_300x250,RMH,5176,,211,,,,,,439.96000000000004
2023-10-16,Vi-DSP,Amz Pay Q3 23,Amz Pay Q3 23,ROMAH_KV2_320x480,RMH,21345,,387,,,,,,1814.3249999999998
2023-10-16,Vi-DSP,Amz Pay Q3 23,Amz Pay Q3 23,ROMAH_KV2_336x280,RMH,5291,,114,,,,,,449.735
2023-10-16,Vi-DSP,Amz Pay Q3 23,Amz Pay Q3 23,ROMAH_KV3_300x250,RMH,5140,,26,,,,,,436.9
2023-10-16,Vi-DSP,Amz Pay Q3 23,Amz Pay Q3 23,ROMAH_KV3_320x480,RMH,600,,1,,,,,,51.0
2023-10-16,Vi-DSP,Amz Pay Q3 23,Amz Pay Q3 23,ROMAH_KV4_300x250,RMH,4185,,199,,,,,,355.72499999999997
2023-10-16,Vi-DSP,Amz Pay Q3 23,Amz Pay Q3 23,ROMAH_KV4_320x480,RMH,36483,,376,,,,,,3101.055
2023-10-16,Vi-DSP,Amz Pay Q3 23,Amz Pay Q3 23,ROMAH_KV4_336x280,RMH,3653,,71,,,,,,310.505
2023-10-16,Vi-DSP,Amz Pay Q3 23,Amz Pay Q3 23,ROTN_KV1_300x250,RTN,10839,,3,,,,,,921.315
2023-10-16,Vi-DSP,Amz Pay Q3 23,Amz Pay Q3 23,ROTN_KV1_320x480,RTN,2176,,8,,,,,,184.96
2023-10-16,Vi-DSP,Amz Pay Q3 23,Amz Pay Q3 23,ROTN_KV2_300x250,RTN,5269,,72,,,,,,447.865
2023-10-16,Vi-DSP,Amz Pay Q3 23,Amz Pay Q3 23,ROTN_KV2_320x480,RTN,1006,,24,,,,,,85.51
2023-10-16,Vi-DSP,Amz Pay Q3 23,Amz Pay Q3 23,ROTN_KV2_336x280,RTN,5616,,190,,,,,,477.35999999999996
2023-10-16,Vi-DSP,Amz Pay Q3 23,Amz Pay Q3 23,ROTN_KV3_300x250,RTN,5386,,0,,,,,,457.81
2023-10-16,Vi-DSP,Amz Pay Q3 23,Amz Pay Q3 23,ROTN_KV3_320x480,RTN,1083,,4,,,,,,92.05499999999999
2023-10-16,Vi-DSP,Amz Pay Q3 23,Amz Pay Q3 23,ROTN_KV4_300x250,RTN,5326,,71,,,,,,452.71
2023-10-16,Vi-DSP,Amz Pay Q3 23,Amz Pay Q3 23,ROTN_KV4_320x480,RTN,16564,,271,,,,,,1407.94
2023-10-16,Vi-DSP,Amz Pay Q3 23,Amz Pay Q3 23,ROTN_KV4_336x280,RTN,5393,,199,,,,,,458.405
2023-10-16,Vi-DSP,Amz Pay Q3 23,Amz Pay Q3 23,Thrissur_KV1_300x250,Thrissur,310,,1,,,,,,26.35
2023-10-16,Vi-DSP,Amz Pay Q3 23,Amz Pay Q3 23,Thrissur_KV1_320x480,Thrissur,896,,1,,,,,,76.16
2023-10-16,Vi-DSP,Amz Pay Q3 23,Amz Pay Q3 23,Thrissur_KV2_300x250,Thrissur,151,,6,,,,,,12.834999999999999
2023-10-16,Vi-DSP,Amz Pay Q3 23,Amz Pay Q3 23,Thrissur_KV2_320x480,Thrissur,452,,31,,,,,,38.42
2023-10-16,Vi-DSP,Amz Pay Q3 23,Amz Pay Q3 23,Thrissur_KV2_336x280,Thrissur,950,,23,,,,,,80.75
2023-10-16,Vi-DSP,Amz Pay Q3 23,Amz Pay Q3 23,Thrissur_KV3_300x250,Thrissur,150,,0,,,,,,12.75
2023-10-16,Vi-DSP,Amz Pay Q3 23,Amz Pay Q3 23,Thrissur_KV3_320x480,Thrissur,476,,2,,,,,,40.46
2023-10-16,Vi-DSP,Amz Pay Q3 23,Amz Pay Q3 23,Thrissur_KV4_300x250,Thrissur,142,,12,,,,,,12.069999999999999
2023-10-16,Vi-DSP,Amz Pay Q3 23,Amz Pay Q3 23,Thrissur_KV4_320x480,Thrissur,428,,19,,,,,,36.38
2023-10-16,Vi-DSP,Amz Pay Q3 23,Amz Pay Q3 23,Thrissur_KV4_336x280,Thrissur,52,,1,,,,,,4.42
2023-10-16,Vi-DSP,Amz Pay Q3 23,Amz Pay Q3 23,Tiruvanthapuram_KV1_300x250,Tiruvanthapuram,1410,,4,,,,,,119.85
2023-10-16,Vi-DSP,Amz Pay Q3 23,Amz Pay Q3 23,Tiruvanthapuram_KV1_320x480,Tiruvanthapuram,825,,2,,,,,,70.125
2023-10-16,Vi-DSP,Amz Pay Q3 23,Amz Pay Q3 23,Tiruvanthapuram_KV2_300x250,Tiruvanthapuram,741,,49,,,,,,62.985
2023-10-16,Vi-DSP,Amz Pay Q3 23,Amz Pay Q3 23,Tiruvanthapuram_KV2_320x480,Tiruvanthapuram,394,,15,,,,,,33.49
2023-10-16,Vi-DSP,Amz Pay Q3 23,Amz Pay Q3 23,Tiruvanthapuram_KV2_336x280,Tiruvanthapuram,1330,,99,,,,,,113.05000000000001
2023-10-16,Vi-DSP,Amz Pay Q3 23,Amz Pay Q3 23,Tiruvanthapuram_KV3_300x250,Tiruvanthapuram,677,,0,,,,,,57.545
2023-10-16,Vi-DSP,Amz Pay Q3 23,Amz Pay Q3 23,Tiruvanthapuram_KV3_320x480,Tiruvanthapuram,412,,0,,,,,,35.019999999999996
2023-10-16,Vi-DSP,Amz Pay Q3 23,Amz Pay Q3 23,Tiruvanthapuram_KV4_300x250,Tiruvanthapuram,573,,40,,,,,,48.705
2023-10-16,Vi-DSP,Amz Pay Q3 23,Amz Pay Q3 23,Tiruvanthapuram_KV4_320x480,Tiruvanthapuram,425,,16,,,,,,36.125
2023-10-16,Vi-DSP,Amz Pay Q3 23,Amz Pay Q3 23,Tiruvanthapuram_KV4_336x280,Tiruvanthapuram,1210,,107,,,,,,102.85
2023-10-16,Vi-DSP,Amz Pay Q3 23,Amz Pay Q3 23,WB_KV1_300x250,WB,4739,,22,,,,,,402.815
2023-10-16,Vi-DSP,Amz Pay Q3 23,Amz Pay Q3 23,WB_KV1_320x480,WB,649,,2,,,,,,55.165
2023-10-16,Vi-DSP,Amz Pay Q3 23,Amz Pay Q3 23,WB_KV2_300x250,WB,4627,,161,,,,,,393.29499999999996
2023-10-16,Vi-DSP,Amz Pay Q3 23,Amz Pay Q3 23,WB_KV2_320x480,WB,21894,,385,,,,,,1860.9899999999998
2023-10-16,Vi-DSP,Amz Pay Q3 23,Amz Pay Q3 23,WB_KV2_336x280,WB,5134,,89,,,,,,436.39000000000004
2023-10-16,Vi-DSP,Amz Pay Q3 23,Amz Pay Q3 23,WB_KV3_300x250,WB,4848,,14,,,,,,412.08
2023-10-16,Vi-DSP,Amz Pay Q3 23,Amz Pay Q3 23,WB_KV3_320x480,WB,575,,0,,,,,,48.87499999999999
2023-10-16,Vi-DSP,Amz Pay Q3 23,Amz Pay Q3 23,WB_KV4_300x250,WB,3741,,126,,,,,,317.985
2023-10-16,Vi-DSP,Amz Pay Q3 23,Amz Pay Q3 23,WB_KV4_320x480,WB,30094,,346,,,,,,2557.9900000000002
2023-10-16,Vi-DSP,Amz Pay Q3 23,Amz Pay Q3 23,WB_KV4_336x280,WB,3905,,85,,,,,,331.925
2023-10-17,Vi-DSP,Amz Pay Q3 23,Amz Pay Q3 23,Ahmedbad_KV1_300x250,Ahmedabad,13778,,43,,,,,,1171.13
2023-10-17,Vi-DSP,Amz Pay Q3 23,Amz Pay Q3 23,Ahmedbad_KV1_320x480,Ahmedabad,1945,,8,,,,,,165.32500000000002
2023-10-17,Vi-DSP,Amz Pay Q3 23,Amz Pay Q3 23,Ahmedbad_KV2_300x250,Ahmedabad,1240,,23,,,,,,105.4
2023-10-17,Vi-DSP,Amz Pay Q3 23,Amz Pay Q3 23,Ahmedbad_KV2_320x480,Ahmedabad,317,,63,,,,,,26.945
2023-10-17,Vi-DSP,Amz Pay Q3 23,Amz Pay Q3 23,Ahmedbad_KV2_336x280,Ahmedabad,1418,,39,,,,,,120.52999999999999
2023-10-17,Vi-DSP,Amz Pay Q3 23,Amz Pay Q3 23,Ahmedbad_KV3_300x250,Ahmedabad,13848,,132,,,,,,1177.0800000000002
2023-10-17,Vi-DSP,Amz Pay Q3 23,Amz Pay Q3 23,Ahmedbad_KV3_320x480,Ahmedabad,2041,,42,,,,,,173.48499999999999
2023-10-17,Vi-DSP,Amz Pay Q3 23,Amz Pay Q3 23,Ahmedbad_KV4_300x250,Ahmedabad,1228,,29,,,,,,104.38
2023-10-17,Vi-DSP,Amz Pay Q3 23,Amz Pay Q3 23,Ahmedbad_KV4_320x480,Ahmedabad,312,,7,,,,,,26.52
2023-10-17,Vi-DSP,Amz Pay Q3 23,Amz Pay Q3 23,Ahmedbad_KV4_336x280,Ahmedabad,1111,,30,,,,,,94.435
2023-10-17,Vi-DSP,Amz Pay Q3 23,Amz Pay Q3 23,Bangalore_KV2_300x250,Bangalore,36556,,40,,,,,,3107.2599999999998
2023-10-17,Vi-DSP,Amz Pay Q3 23,Amz Pay Q3 23,Bangalore_KV2_320x480,Bangalore,1099,,6,,,,,,93.41499999999999
2023-10-17,Vi-DSP,Amz Pay Q3 23,Amz Pay Q3 23,Bangalore_KV2_336x280,Bangalore,7929,,44,,,,,,673.965
2023-10-17,Vi-DSP,Amz Pay Q3 23,Amz Pay Q3 23,Bangalore_KV3_300x250,Bangalore,345,,19,,,,,,29.325
2023-10-17,Vi-DSP,Amz Pay Q3 23,Amz Pay Q3 23,Bangalore_KV3_320x480,Bangalore,11632,,68,,,,,,988.72
2023-10-17,Vi-DSP,Amz Pay Q3 23,Amz Pay Q3 23,Bangalore_KV4_300x250,Bangalore,36525,,227,,,,,,3104.625
2023-10-17,Vi-DSP,Amz Pay Q3 23,Amz Pay Q3 23,Bangalore_KV4_320x480,Bangalore,1073,,61,,,,,,91.205
2023-10-17,Vi-DSP,Amz Pay Q3 23,Amz Pay Q3 23,Bangalore_KV4_336x280,Bangalore,7995,,61,,,,,,679.575
2023-10-17,Vi-DSP,Amz Pay Q3 23,Amz Pay Q3 23,Bangalore_KV1_300x250,Bangalore,354,,31,,,,,,30.09
2023-10-17,Vi-DSP,Amz Pay Q3 23,Amz Pay Q3 23,Bangalore_KV1_320x480,Bangalore,11857,,80,,,,,,1007.8449999999999
2023-10-17,Vi-DSP,Amz Pay Q3 23,Amz Pay Q3 23,Chennai_KV1_300x250,Chennai,69436,,156,,,,,,5902.06
2023-10-17,Vi-DSP,Amz Pay Q3 23,Amz Pay Q3 23,Chennai_KV1_320x480,Chennai,3595,,10,,,,,,305.575
2023-10-17,Vi-DSP,Amz Pay Q3 23,Amz Pay Q3 23,Chennai_KV2_300x250,Chennai,1809,,16,,,,,,153.765
2023-10-17,Vi-DSP,Amz Pay Q3 23,Amz Pay Q3 23,Chennai_KV2_320x480,Chennai,695,,31,,,,,,59.074999999999996
2023-10-17,Vi-DSP,Amz Pay Q3 23,Amz Pay Q3 23,Chennai_KV2_336x280,Chennai,2597,,94,,,,,,220.745
2023-10-17,Vi-DSP,Amz Pay Q3 23,Amz Pay Q3 23,Chennai_KV3_300x250,Chennai,23092,,191,,,,,,1962.82
2023-10-17,Vi-DSP,Amz Pay Q3 23,Amz Pay Q3 23,Chennai_KV3_320x480,Chennai,3705,,102,,,,,,314.925
2023-10-17,Vi-DSP,Amz Pay Q3 23,Amz Pay Q3 23,Chennai_KV4_300x250,Chennai,1955,,29,,,,,,166.175
2023-10-17,Vi-DSP,Amz Pay Q3 23,Amz Pay Q3 23,Chennai_KV4_320x480,Chennai,695,,34,,,,,,59.074999999999996
2023-10-17,Vi-DSP,Amz Pay Q3 23,Amz Pay Q3 23,Chennai_KV4_336x280,Chennai,2854,,104,,,,,,242.59
2023-10-17,Vi-DSP,Amz Pay Q3 23,Amz Pay Q3 23,Coimbatore_KV1_300x250,Coimbatore,9005,,28,,,,,,765.4250000000001
2023-10-17,Vi-DSP,Amz Pay Q3 23,Amz Pay Q3 23,Coimbatore_KV1_320x480,Coimbatore,1790,,4,,,,,,152.15
2023-10-17,Vi-DSP,Amz Pay Q3 23,Amz Pay Q3 23,Coimbatore_KV2_300x250,Coimbatore,348,,4,,,,,,29.58
2023-10-17,Vi-DSP,Amz Pay Q3 23,Amz Pay Q3 23,Coimbatore_KV2_320x480,Coimbatore,398,,10,,,,,,33.83
2023-10-17,Vi-DSP,Amz Pay Q3 23,Amz Pay Q3 23,Coimbatore_KV2_336x280,Coimbatore,1651,,33,,,,,,140.335
2023-10-17,Vi-DSP,Amz Pay Q3 23,Amz Pay Q3 23,Coimbatore_KV3_300x250,Coimbatore,2929,,30,,,,,,248.96499999999997
2023-10-17,Vi-DSP,Amz Pay Q3 23,Amz Pay Q3 23,Coimbatore_KV3_320x480,Coimbatore,1802,,13,,,,,,153.17000000000002
2023-10-17,Vi-DSP,Amz Pay Q3 23,Amz Pay Q3 23,Coimbatore_KV4_300x250,Coimbatore,273,,10,,,,,,23.205000000000002
2023-10-17,Vi-DSP,Amz Pay Q3 23,Amz Pay Q3 23,Coimbatore_KV4_320x480,Coimbatore,388,,11,,,,,,32.980000000000004
2023-10-17,Vi-DSP,Amz Pay Q3 23,Amz Pay Q3 23,Coimbatore_KV4_336x280,Coimbatore,1761,,28,,,,,,149.685
2023-10-17,Vi-DSP,Amz Pay Q3 23,Amz Pay Q3 23,DelhiNCR_KV2_300x250,Delhi NCR,68460,,82,,,,,,5819.099999999999
2023-10-17,Vi-DSP,Amz Pay Q3 23,Amz Pay Q3 23,DelhiNCR_KV2_320x480,Delhi NCR,12487,,27,,,,,,1061.395
2023-10-17,Vi-DSP,Amz Pay Q3 23,Amz Pay Q3 23,DelhiNCR_KV2_336x280,Delhi NCR,68086,,253,,,,,,5787.3099999999995
2023-10-17,Vi-DSP,Amz Pay Q3 23,Amz Pay Q3 23,DelhiNCR_KV3_300x250,Delhi NCR,12326,,156,,,,,,1047.71
2023-10-17,Vi-DSP,Amz Pay Q3 23,Amz Pay Q3 23,DelhiNCR_KV3_320x480,Delhi NCR,72129,,386,,,,,,6130.965
2023-10-17,Vi-DSP,Amz Pay Q3 23,Amz Pay Q3 23,DelhiNCR_KV4_300x250,Delhi NCR,68213,,240,,,,,,5798.105
2023-10-17,Vi-DSP,Amz Pay Q3 23,Amz Pay Q3 23,DelhiNCR_KV4_320x480,Delhi NCR,12237,,168,,,,,,1040.145
2023-10-17,Vi-DSP,Amz Pay Q3 23,Amz Pay Q3 23,DelhiNCR_KV4_336x280,Delhi NCR,65728,,245,,,,,,5586.879999999999
2023-10-17,Vi-DSP,Amz Pay Q3 23,Amz Pay Q3 23,DelhiNCR_KV1_300x250,Delhi NCR,12375,,152,,,,,,1051.875
2023-10-17,Vi-DSP,Amz Pay Q3 23,Amz Pay Q3 23,DelhiNCR_KV1_320x480,Delhi NCR,71099,,413,,,,,,6043.415
2023-10-17,Vi-DSP,Amz Pay Q3 23,Amz Pay Q3 23,Ernamkulam_KV1_300x250,Ernamkulam,2054,,4,,,,,,174.58999999999997
2023-10-17,Vi-DSP,Amz Pay Q3 23,Amz Pay Q3 23,Ernamkulam_KV1_320x480,Ernamkulam,463,,0,,,,,,39.355000000000004
2023-10-17,Vi-DSP,Amz Pay Q3 23,Amz Pay Q3 23,Ernamkulam_KV2_300x250,Ernamkulam,118,,8,,,,,,10.03
2023-10-17,Vi-DSP,Amz Pay Q3 23,Amz Pay Q3 23,Ernamkulam_KV2_320x480,Ernamkulam,131,,5,,,,,,11.135
2023-10-17,Vi-DSP,Amz Pay Q3 23,Amz Pay Q3 23,Ernamkulam_KV2_336x280,Ernamkulam,116,,11,,,,,,9.860000000000001
2023-10-17,Vi-DSP,Amz Pay Q3 23,Amz Pay Q3 23,Ernamkulam_KV3_300x250,Ernamkulam,638,,53,,,,,,54.230000000000004
2023-10-17,Vi-DSP,Amz Pay Q3 23,Amz Pay Q3 23,Ernamkulam_KV3_320x480,Ernamkulam,458,,10,,,,,,38.93
2023-10-17,Vi-DSP,Amz Pay Q3 23,Amz Pay Q3 23,Ernamkulam_KV4_300x250,Ernamkulam,92,,10,,,,,,7.82
2023-10-17,Vi-DSP,Amz Pay Q3 23,Amz Pay Q3 23,Ernamkulam_KV4_320x480,Ernamkulam,143,,6,,,,,,12.155
2023-10-17,Vi-DSP,Amz Pay Q3 23,Amz Pay Q3 23,Ernamkulam_KV4_336x280,Ernamkulam,89,,9,,,,,,7.5649999999999995
2023-10-17,Vi-DSP,Amz Pay Q3 23,Amz Pay Q3 23,Hyderabad_KV1_300x250,Hyderabad,16519,,94,,,,,,1404.1149999999998
2023-10-17,Vi-DSP,Amz Pay Q3 23,Amz Pay Q3 23,Hyderabad_KV1_320x480,Hyderabad,1548,,4,,,,,,131.58
2023-10-17,Vi-DSP,Amz Pay Q3 23,Amz Pay Q3 23,Hyderabad_KV2_300x250,Hyderabad,2792,,45,,,,,,237.32
2023-10-17,Vi-DSP,Amz Pay Q3 23,Amz Pay Q3 23,Hyderabad_KV2_320x480,Hyderabad,376,,9,,,,,,31.96
2023-10-17,Vi-DSP,Amz Pay Q3 23,Amz Pay Q3 23,Hyderabad_KV2_336x280,Hyderabad,1190,,108,,,,,,101.14999999999999
2023-10-17,Vi-DSP,Amz Pay Q3 23,Amz Pay Q3 23,Hyderabad_KV3_300x250,Hyderabad,16259,,168,,,,,,1382.015
2023-10-17,Vi-DSP,Amz Pay Q3 23,Amz Pay Q3 23,Hyderabad_KV3_320x480,Hyderabad,1602,,61,,,,,,136.17000000000002
2023-10-17,Vi-DSP,Amz Pay Q3 23,Amz Pay Q3 23,Hyderabad_KV4_300x250,Hyderabad,2667,,38,,,,,,226.695
2023-10-17,Vi-DSP,Amz Pay Q3 23,Amz Pay Q3 23,Hyderabad_KV4_320x480,Hyderabad,399,,80,,,,,,33.915
2023-10-17,Vi-DSP,Amz Pay Q3 23,Amz Pay Q3 23,Hyderabad_KV4_336x280,Hyderabad,1127,,83,,,,,,95.795
2023-10-17,Vi-DSP,Amz Pay Q3 23,Amz Pay Q3 23,Jaipur_KV1_300x250,Jaipur,2627,,67,,,,,,223.295
2023-10-17,Vi-DSP,Amz Pay Q3 23,Amz Pay Q3 23,Jaipur_KV1_320x480,Jaipur,2523,,8,,,,,,214.455
2023-10-17,Vi-DSP,Amz Pay Q3 23,Amz Pay Q3 23,Jaipur_KV2_300x250,Jaipur,3910,,26,,,,,,332.35
2023-10-17,Vi-DSP,Amz Pay Q3 23,Amz Pay Q3 23,Jaipur_KV2_320x480,Jaipur,838,,7,,,,,,71.23
2023-10-17,Vi-DSP,Amz Pay Q3 23,Amz Pay Q3 23,Jaipur_KV2_336x280,Jaipur,3984,,43,,,,,,338.64
2023-10-17,Vi-DSP,Amz Pay Q3 23,Amz Pay Q3 23,Jaipur_KV3_300x250,Jaipur,2792,,106,,,,,,237.32
2023-10-17,Vi-DSP,Amz Pay Q3 23,Amz Pay Q3 23,Jaipur_KV3_320x480,Jaipur,2517,,24,,,,,,213.945
2023-10-17,Vi-DSP,Amz Pay Q3 23,Amz Pay Q3 23,Jaipur_KV4_300x250,Jaipur,3608,,21,,,,,,306.68
2023-10-17,Vi-DSP,Amz Pay Q3 23,Amz Pay Q3 23,Jaipur_KV4_320x480,Jaipur,844,,12,,,,,,71.74
2023-10-17,Vi-DSP,Amz Pay Q3 23,Amz Pay Q3 23,Jaipur_KV4_336x280,Jaipur,4296,,34,,,,,,365.16
2023-10-17,Vi-DSP,Amz Pay Q3 23,Amz Pay Q3 23,Mumbai_KV1_300x250,Mumbai,10166,,30,,,,,,864.11
2023-10-17,Vi-DSP,Amz Pay Q3 23,Amz Pay Q3 23,Mumbai_KV1_320x480,Mumbai,2472,,6,,,,,,210.12
2023-10-17,Vi-DSP,Amz Pay Q3 23,Amz Pay Q3 23,Mumbai_KV2_300x250,Mumbai,10174,,161,,,,,,864.79
2023-10-17,Vi-DSP,Amz Pay Q3 23,Amz Pay Q3 23,Mumbai_KV2_320x480,Mumbai,2583,,389,,,,,,219.555
2023-10-17,Vi-DSP,Amz Pay Q3 23,Amz Pay Q3 23,Mumbai_KV2_336x280,Mumbai,10213,,117,,,,,,868.1049999999999
2023-10-17,Vi-DSP,Amz Pay Q3 23,Amz Pay Q3 23,Mumbai_KV3_300x250,Mumbai,10144,,150,,,,,,862.24
2023-10-17,Vi-DSP,Amz Pay Q3 23,Amz Pay Q3 23,Mumbai_KV3_320x480,Mumbai,2508,,496,,,,,,213.18
2023-10-17,Vi-DSP,Amz Pay Q3 23,Amz Pay Q3 23,Mumbai_KV4_300x250,Mumbai,10188,,155,,,,,,865.98
2023-10-17,Vi-DSP,Amz Pay Q3 23,Amz Pay Q3 23,Mumbai_KV4_320x480,Mumbai,2503,,450,,,,,,212.755
2023-10-17,Vi-DSP,Amz Pay Q3 23,Amz Pay Q3 23,Mumbai_KV4_336x280,Mumbai,10204,,117,,,,,,867.34
2023-10-17,Vi-DSP,Amz Pay Q3 23,Amz Pay Q3 23,Pune_KV2_300x250,Pune,8432,,24,,,,,,716.72
2023-10-17,Vi-DSP,Amz Pay Q3 23,Amz Pay Q3 23,Pune_KV2_320x480,Pune,694,,3,,,,,,58.989999999999995
2023-10-17,Vi-DSP,Amz Pay Q3 23,Amz Pay Q3 23,Pune_KV2_336x280,Pune,1733,,28,,,,,,147.305
2023-10-17,Vi-DSP,Amz Pay Q3 23,Amz Pay Q3 23,Pune_KV3_300x250,Pune,222,,25,,,,,,18.87
2023-10-17,Vi-DSP,Amz Pay Q3 23,Amz Pay Q3 23,Pune_KV3_320x480,Pune,1307,,37,,,,,,111.095
2023-10-17,Vi-DSP,Amz Pay Q3 23,Amz Pay Q3 23,Pune_KV4_300x250,Pune,8673,,81,,,,,,737.205
2023-10-17,Vi-DSP,Amz Pay Q3 23,Amz Pay Q3 23,Pune_KV4_320x480,Pune,755,,42,,,,,,64.175
2023-10-17,Vi-DSP,Amz Pay Q3 23,Amz Pay Q3 23,Pune_KV4_336x280,Pune,1606,,20,,,,,,136.51000000000002
2023-10-17,Vi-DSP,Amz Pay Q3 23,Amz Pay Q3 23,Pune_KV1_300x250,Pune,242,,5,,,,,,20.57
2023-10-17,Vi-DSP,Amz Pay Q3 23,Amz Pay Q3 23,Pune_KV1_320x480,Pune,1226,,47,,,,,,104.21
2023-10-17,Vi-DSP,Amz Pay Q3 23,Amz Pay Q3 23,ROKarnataka_KV1_300x250,RKT,26041,,94,,,,,,2213.485
2023-10-17,Vi-DSP,Amz Pay Q3 23,Amz Pay Q3 23,ROKarnataka_KV1_320x480,RKT,1728,,4,,,,,,146.88
2023-10-17,Vi-DSP,Amz Pay Q3 23,Amz Pay Q3 23,ROKarnataka_KV2_300x250,RKT,8663,,113,,,,,,736.355
2023-10-17,Vi-DSP,Amz Pay Q3 23,Amz Pay Q3 23,ROKarnataka_KV2_320x480,RKT,1863,,108,,,,,,158.355
2023-10-17,Vi-DSP,Amz Pay Q3 23,Amz Pay Q3 23,ROKarnataka_KV2_336x280,RKT,11831,,433,,,,,,1005.635
2023-10-17,Vi-DSP,Amz Pay Q3 23,Amz Pay Q3 23,ROKarnataka_KV3_300x250,RKT,8758,,122,,,,,,744.43
2023-10-17,Vi-DSP,Amz Pay Q3 23,Amz Pay Q3 23,ROKarnataka_KV3_320x480,RKT,1908,,90,,,,,,162.18
2023-10-17,Vi-DSP,Amz Pay Q3 23,Amz Pay Q3 23,ROKarnataka_KV4_300x250,RKT,8501,,129,,,,,,722.5849999999999
2023-10-17,Vi-DSP,Amz Pay Q3 23,Amz Pay Q3 23,ROKarnataka_KV4_320x480,RKT,1860,,132,,,,,,158.1
2023-10-17,Vi-DSP,Amz Pay Q3 23,Amz Pay Q3 23,ROKarnataka_KV4_336x280,RKT,11768,,472,,,,,,1000.2800000000001
2023-10-17,Vi-DSP,Amz Pay Q3 23,Amz Pay Q3 23,ROMAH_KV1_300x250,RMH,6172,,32,,,,,,524.62
2023-10-17,Vi-DSP,Amz Pay Q3 23,Amz Pay Q3 23,ROMAH_KV1_320x480,RMH,1325,,2,,,,,,112.625
2023-10-17,Vi-DSP,Amz Pay Q3 23,Amz Pay Q3 23,ROMAH_KV2_300x250,RMH,8662,,106,,,,,,736.2700000000001
2023-10-17,Vi-DSP,Amz Pay Q3 23,Amz Pay Q3 23,ROMAH_KV2_320x480,RMH,538,,5,,,,,,45.730000000000004
2023-10-17,Vi-DSP,Amz Pay Q3 23,Amz Pay Q3 23,ROMAH_KV2_336x280,RMH,1856,,71,,,,,,157.76000000000002
2023-10-17,Vi-DSP,Amz Pay Q3 23,Amz Pay Q3 23,ROMAH_KV3_300x250,RMH,31753,,330,,,,,,2699.005
2023-10-17,Vi-DSP,Amz Pay Q3 23,Amz Pay Q3 23,ROMAH_KV3_320x480,RMH,1345,,21,,,,,,114.325
2023-10-17,Vi-DSP,Amz Pay Q3 23,Amz Pay Q3 23,ROMAH_KV4_300x250,RMH,9029,,109,,,,,,767.465
2023-10-17,Vi-DSP,Amz Pay Q3 23,Amz Pay Q3 23,ROMAH_KV4_320x480,RMH,516,,4,,,,,,43.86
2023-10-17,Vi-DSP,Amz Pay Q3 23,Amz Pay Q3 23,ROMAH_KV4_336x280,RMH,2172,,42,,,,,,184.62
2023-10-17,Vi-DSP,Amz Pay Q3 23,Amz Pay Q3 23,ROAP+Tel_KV1_300x250,RO AP+Tel,29653,,134,,,,,,2520.505
2023-10-17,Vi-DSP,Amz Pay Q3 23,Amz Pay Q3 23,ROAP+Tel_KV1_320x480,RO AP+Tel,1741,,8,,,,,,147.985
2023-10-17,Vi-DSP,Amz Pay Q3 23,Amz Pay Q3 23,ROAP+Tel_KV2_300x250,RO AP+Tel,9793,,235,,,,,,832.405
2023-10-17,Vi-DSP,Amz Pay Q3 23,Amz Pay Q3 23,ROAP+Tel_KV2_320x480,RO AP+Tel,1799,,74,,,,,,152.915
2023-10-17,Vi-DSP,Amz Pay Q3 23,Amz Pay Q3 23,ROAP+Tel_KV2_336x280,RO AP+Tel,12114,,143,,,,,,1029.69
2023-10-17,Vi-DSP,Amz Pay Q3 23,Amz Pay Q3 23,ROAP+Tel_KV3_300x250,RO AP+Tel,9752,,244,,,,,,828.9200000000001
2023-10-17,Vi-DSP,Amz Pay Q3 23,Amz Pay Q3 23,ROAP+Tel_KV3_320x480,RO AP+Tel,1720,,81,,,,,,146.2
2023-10-17,Vi-DSP,Amz Pay Q3 23,Amz Pay Q3 23,ROAP+Tel_KV4_300x250,RO AP+Tel,9501,,250,,,,,,807.5849999999999
2023-10-17,Vi-DSP,Amz Pay Q3 23,Amz Pay Q3 23,ROAP+Tel_KV4_320x480,RO AP+Tel,1740,,74,,,,,,147.9
2023-10-17,Vi-DSP,Amz Pay Q3 23,Amz Pay Q3 23,ROAP+Tel_KV4_336x280,RO AP+Tel,11594,,159,,,,,,985.4899999999999
2023-10-17,Vi-DSP,Amz Pay Q3 23,Amz Pay Q3 23,ROTN_KV1_300x250,RTN,31254,,37,,,,,,2656.59
2023-10-17,Vi-DSP,Amz Pay Q3 23,Amz Pay Q3 23,ROTN_KV1_320x480,RTN,1196,,2,,,,,,101.66
2023-10-17,Vi-DSP,Amz Pay Q3 23,Amz Pay Q3 23,ROTN_KV2_300x250,RTN,1767,,34,,,,,,150.195
2023-10-17,Vi-DSP,Amz Pay Q3 23,Amz Pay Q3 23,ROTN_KV2_320x480,RTN,804,,102,,,,,,68.34
2023-10-17,Vi-DSP,Amz Pay Q3 23,Amz Pay Q3 23,ROTN_KV2_336x280,RTN,2426,,22,,,,,,206.21
2023-10-17,Vi-DSP,Amz Pay Q3 23,Amz Pay Q3 23,ROTN_KV3_300x250,RTN,10211,,128,,,,,,867.9350000000001
2023-10-17,Vi-DSP,Amz Pay Q3 23,Amz Pay Q3 23,ROTN_KV3_320x480,RTN,1190,,170,,,,,,101.14999999999999
2023-10-17,Vi-DSP,Amz Pay Q3 23,Amz Pay Q3 23,ROTN_KV4_300x250,RTN,1899,,37,,,,,,161.415
2023-10-17,Vi-DSP,Amz Pay Q3 23,Amz Pay Q3 23,ROTN_KV4_320x480,RTN,836,,85,,,,,,71.06
2023-10-17,Vi-DSP,Amz Pay Q3 23,Amz Pay Q3 23,ROTN_KV4_336x280,RTN,2793,,36,,,,,,237.405
2023-10-17,Vi-DSP,Amz Pay Q3 23,Amz Pay Q3 23,Thrissur_KV1_300x250,Thrissur,953,,2,,,,,,81.005
2023-10-17,Vi-DSP,Amz Pay Q3 23,Amz Pay Q3 23,Thrissur_KV1_320x480,Thrissur,563,,2,,,,,,47.855
2023-10-17,Vi-DSP,Amz Pay Q3 23,Amz Pay Q3 23,Thrissur_KV2_300x250,Thrissur,37,,1,,,,,,3.145
2023-10-17,Vi-DSP,Amz Pay Q3 23,Amz Pay Q3 23,Thrissur_KV2_320x480,Thrissur,171,,4,,,,,,14.535000000000002
2023-10-17,Vi-DSP,Amz Pay Q3 23,Amz Pay Q3 23,Thrissur_KV2_336x280,Thrissur,63,,8,,,,,,5.355
2023-10-17,Vi-DSP,Amz Pay Q3 23,Amz Pay Q3 23,Thrissur_KV3_300x250,Thrissur,330,,17,,,,,,28.05
2023-10-17,Vi-DSP,Amz Pay Q3 23,Amz Pay Q3 23,Thrissur_KV3_320x480,Thrissur,580,,23,,,,,,49.3
2023-10-17,Vi-DSP,Amz Pay Q3 23,Amz Pay Q3 23,Thrissur_KV4_300x250,Thrissur,54,,2,,,,,,4.59
2023-10-17,Vi-DSP,Amz Pay Q3 23,Amz Pay Q3 23,Thrissur_KV4_320x480,Thrissur,172,,4,,,,,,14.62
2023-10-17,Vi-DSP,Amz Pay Q3 23,Amz Pay Q3 23,Thrissur_KV4_336x280,Thrissur,66,,6,,,,,,5.61
2023-10-17,Vi-DSP,Amz Pay Q3 23,Amz Pay Q3 23,Tiruvanthapuram_KV1_300x250,Tiruvanthapuram,4871,,65,,,,,,414.035
2023-10-17,Vi-DSP,Amz Pay Q3 23,Amz Pay Q3 23,Tiruvanthapuram_KV1_320x480,Tiruvanthapuram,578,,6,,,,,,49.129999999999995
2023-10-17,Vi-DSP,Amz Pay Q3 23,Amz Pay Q3 23,Tiruvanthapuram_KV2_300x250,Tiruvanthapuram,225,,17,,,,,,19.125
2023-10-17,Vi-DSP,Amz Pay Q3 23,Amz Pay Q3 23,Tiruvanthapuram_KV2_320x480,Tiruvanthapuram,140,,3,,,,,,11.9
2023-10-17,Vi-DSP,Amz Pay Q3 23,Amz Pay Q3 23,Tiruvanthapuram_KV2_336x280,Tiruvanthapuram,770,,32,,,,,,65.45
2023-10-17,Vi-DSP,Amz Pay Q3 23,Amz Pay Q3 23,Tiruvanthapuram_KV3_300x250,Tiruvanthapuram,1733,,83,,,,,,147.305
2023-10-17,Vi-DSP,Amz Pay Q3 23,Amz Pay Q3 23,Tiruvanthapuram_KV3_320x480,Tiruvanthapuram,519,,24,,,,,,44.115
2023-10-17,Vi-DSP,Amz Pay Q3 23,Amz Pay Q3 23,Tiruvanthapuram_KV4_300x250,Tiruvanthapuram,221,,12,,,,,,18.785
2023-10-17,Vi-DSP,Amz Pay Q3 23,Amz Pay Q3 23,Tiruvanthapuram_KV4_320x480,Tiruvanthapuram,150,,4,,,,,,12.75
2023-10-17,Vi-DSP,Amz Pay Q3 23,Amz Pay Q3 23,Tiruvanthapuram_KV4_336x280,Tiruvanthapuram,712,,35,,,,,,60.519999999999996
2023-10-17,Vi-DSP,Amz Pay Q3 23,Amz Pay Q3 23,WB_KV1_300x250,WB,12017,,40,,,,,,1021.4449999999999
2023-10-17,Vi-DSP,Amz Pay Q3 23,Amz Pay Q3 23,WB_KV1_320x480,WB,2863,,6,,,,,,243.355
2023-10-17,Vi-DSP,Amz Pay Q3 23,Amz Pay Q3 23,WB_KV2_300x250,WB,12161,,204,,,,,,1033.685
2023-10-17,Vi-DSP,Amz Pay Q3 23,Amz Pay Q3 23,WB_KV2_320x480,WB,3000,,62,,,,,,255.0
2023-10-17,Vi-DSP,Amz Pay Q3 23,Amz Pay Q3 23,WB_KV2_336x280,WB,16646,,238,,,,,,1414.91
2023-10-17,Vi-DSP,Amz Pay Q3 23,Amz Pay Q3 23,WB_KV3_300x250,WB,12169,,209,,,,,,1034.365
2023-10-17,Vi-DSP,Amz Pay Q3 23,Amz Pay Q3 23,WB_KV3_320x480,WB,2853,,59,,,,,,242.50500000000002
2023-10-17,Vi-DSP,Amz Pay Q3 23,Amz Pay Q3 23,WB_KV4_300x250,WB,11811,,244,,,,,,1003.935
2023-10-17,Vi-DSP,Amz Pay Q3 23,Amz Pay Q3 23,WB_KV4_320x480,WB,2977,,572,,,,,,253.045
2023-10-17,Vi-DSP,Amz Pay Q3 23,Amz Pay Q3 23,WB_KV4_336x280,WB,16174,,169,,,,,,1374.79
2023-10-18,Vi-DSP,Amz Pay Q3 23,Amz Pay Q3 23,Ahmedbad_KV1_300x250,Ahmedabad,17554,,88,,,,,,
2023-10-18,Vi-DSP,Amz Pay Q3 23,Amz Pay Q3 23,Ahmedbad_KV1_320x480,Ahmedabad,8609,,144,,,,,,
2023-10-18,Vi-DSP,Amz Pay Q3 23,Amz Pay Q3 23,Ahmedbad_KV2_300x250,Ahmedabad,5116,,81,,,,,,
2023-10-18,Vi-DSP,Amz Pay Q3 23,Amz Pay Q3 23,Ahmedbad_KV2_320x480,Ahmedabad,6838,,331,,,,,,
2023-10-18,Vi-DSP,Amz Pay Q3 23,Amz Pay Q3 23,Ahmedbad_KV2_336x280,Ahmedabad,11067,,81,,,,,,
2023-10-18,Vi-DSP,Amz Pay Q3 23,Amz Pay Q3 23,Ahmedbad_KV3_300x250,Ahmedabad,16829,,194,,,,,,
2023-10-18,Vi-DSP,Amz Pay Q3 23,Amz Pay Q3 23,Ahmedbad_KV3_320x480,Ahmedabad,8660,,83,,,,,,
2023-10-18,Vi-DSP,Amz Pay Q3 23,Amz Pay Q3 23,Ahmedbad_KV4_300x250,Ahmedabad,15231,,84,,,,,,
2023-10-18,Vi-DSP,Amz Pay Q3 23,Amz Pay Q3 23,Ahmedbad_KV4_320x480,Ahmedabad,6654,,326,,,,,,
2023-10-18,Vi-DSP,Amz Pay Q3 23,Amz Pay Q3 23,Ahmedbad_KV4_336x280,Ahmedabad,11183,,93,,,,,,
2023-10-18,Vi-DSP,Amz Pay Q3 23,Amz Pay Q3 23,Bangalore_KV1_300x250,Bangalore,66000,,167,,,,,,
2023-10-18,Vi-DSP,Amz Pay Q3 23,Amz Pay Q3 23,Bangalore_KV1_320x480,Bangalore,9793,,153,,,,,,
2023-10-18,Vi-DSP,Amz Pay Q3 23,Amz Pay Q3 23,Bangalore_KV2_300x250,Bangalore,36929,,152,,,,,,
2023-10-18,Vi-DSP,Amz Pay Q3 23,Amz Pay Q3 23,Bangalore_KV2_320x480,Bangalore,8816,,190,,,,,,
2023-10-18,Vi-DSP,Amz Pay Q3 23,Amz Pay Q3 23,Bangalore_KV2_336x280,Bangalore,32713,,153,,,,,,
2023-10-18,Vi-DSP,Amz Pay Q3 23,Amz Pay Q3 23,Bangalore_KV3_300x250,Bangalore,65820,,326,,,,,,
2023-10-18,Vi-DSP,Amz Pay Q3 23,Amz Pay Q3 23,Bangalore_KV3_320x480,Bangalore,9612,,233,,,,,,
2023-10-18,Vi-DSP,Amz Pay Q3 23,Amz Pay Q3 23,Bangalore_KV4_300x250,Bangalore,36768,,149,,,,,,
2023-10-18,Vi-DSP,Amz Pay Q3 23,Amz Pay Q3 23,Bangalore_KV4_320x480,Bangalore,8959,,152,,,,,,
2023-10-18,Vi-DSP,Amz Pay Q3 23,Amz Pay Q3 23,Bangalore_KV4_336x280,Bangalore,31961,,136,,,,,,
2023-10-18,Vi-DSP,Amz Pay Q3 23,Amz Pay Q3 23,Chennai_KV1_300x250,Chennai,90895,,199,,,,,,
2023-10-18,Vi-DSP,Amz Pay Q3 23,Amz Pay Q3 23,Chennai_KV1_320x480,Chennai,12574,,210,,,,,,
2023-10-18,Vi-DSP,Amz Pay Q3 23,Amz Pay Q3 23,Chennai_KV2_300x250,Chennai,23444,,95,,,,,,
2023-10-18,Vi-DSP,Amz Pay Q3 23,Amz Pay Q3 23,Chennai_KV2_320x480,Chennai,4482,,212,,,,,,
2023-10-18,Vi-DSP,Amz Pay Q3 23,Amz Pay Q3 23,Chennai_KV2_336x280,Chennai,22915,,200,,,,,,
2023-10-18,Vi-DSP,Amz Pay Q3 23,Amz Pay Q3 23,Chennai_KV3_300x250,Chennai,45407,,221,,,,,,
2023-10-18,Vi-DSP,Amz Pay Q3 23,Amz Pay Q3 23,Chennai_KV3_320x480,Chennai,6170,,54,,,,,,
2023-10-18,Vi-DSP,Amz Pay Q3 23,Amz Pay Q3 23,Chennai_KV4_300x250,Chennai,23628,,81,,,,,,
2023-10-18,Vi-DSP,Amz Pay Q3 23,Amz Pay Q3 23,Chennai_KV4_320x480,Chennai,4508,,177,,,,,,
2023-10-18,Vi-DSP,Amz Pay Q3 23,Amz Pay Q3 23,Chennai_KV4_336x280,Chennai,22831,,200,,,,,,
2023-10-18,Vi-DSP,Amz Pay Q3 23,Amz Pay Q3 23,Coimbatore_KV1_300x250,Coimbatore,12518,,50,,,,,,
2023-10-18,Vi-DSP,Amz Pay Q3 23,Amz Pay Q3 23,Coimbatore_KV1_320x480,Coimbatore,1083,,3,,,,,,
2023-10-18,Vi-DSP,Amz Pay Q3 23,Amz Pay Q3 23,Coimbatore_KV2_300x250,Coimbatore,1802,,20,,,,,,
2023-10-18,Vi-DSP,Amz Pay Q3 23,Amz Pay Q3 23,Coimbatore_KV2_320x480,Coimbatore,152,,6,,,,,,
2023-10-18,Vi-DSP,Amz Pay Q3 23,Amz Pay Q3 23,Coimbatore_KV2_336x280,Coimbatore,1831,,20,,,,,,
2023-10-18,Vi-DSP,Amz Pay Q3 23,Amz Pay Q3 23,Coimbatore_KV3_300x250,Coimbatore,6151,,39,,,,,,
2023-10-18,Vi-DSP,Amz Pay Q3 23,Amz Pay Q3 23,Coimbatore_KV3_320x480,Coimbatore,547,,43,,,,,,
2023-10-18,Vi-DSP,Amz Pay Q3 23,Amz Pay Q3 23,Coimbatore_KV4_300x250,Coimbatore,1792,,12,,,,,,
2023-10-18,Vi-DSP,Amz Pay Q3 23,Amz Pay Q3 23,Coimbatore_KV4_320x480,Coimbatore,137,,13,,,,,,
2023-10-18,Vi-DSP,Amz Pay Q3 23,Amz Pay Q3 23,Coimbatore_KV4_336x280,Coimbatore,1882,,34,,,,,,
2023-10-18,Vi-DSP,Amz Pay Q3 23,Amz Pay Q3 23,DelhiNCR_KV1_300x250,Delhi NCR,101815,,181,,,,,,
2023-10-18,Vi-DSP,Amz Pay Q3 23,Amz Pay Q3 23,DelhiNCR_KV1_320x480,Delhi NCR,7725,,24,,,,,,
2023-10-18,Vi-DSP,Amz Pay Q3 23,Amz Pay Q3 23,DelhiNCR_KV2_300x250,Delhi NCR,102431,,345,,,,,,
2023-10-18,Vi-DSP,Amz Pay Q3 23,Amz Pay Q3 23,DelhiNCR_KV2_320x480,Delhi NCR,7460,,158,,,,,,
2023-10-18,Vi-DSP,Amz Pay Q3 23,Amz Pay Q3 23,DelhiNCR_KV2_336x280,Delhi NCR,79945,,454,,,,,,
2023-10-18,Vi-DSP,Amz Pay Q3 23,Amz Pay Q3 23,DelhiNCR_KV3_300x250,Delhi NCR,102644,,349,,,,,,
2023-10-18,Vi-DSP,Amz Pay Q3 23,Amz Pay Q3 23,DelhiNCR_KV3_320x480,Delhi NCR,7389,,164,,,,,,
2023-10-18,Vi-DSP,Amz Pay Q3 23,Amz Pay Q3 23,DelhiNCR_KV4_300x250,Delhi NCR,99730,,350,,,,,,
2023-10-18,Vi-DSP,Amz Pay Q3 23,Amz Pay Q3 23,DelhiNCR_KV4_320x480,Delhi NCR,7561,,131,,,,,,
2023-10-18,Vi-DSP,Amz Pay Q3 23,Amz Pay Q3 23,DelhiNCR_KV4_336x280,Delhi NCR,76993,,468,,,,,,
2023-10-18,Vi-DSP,Amz Pay Q3 23,Amz Pay Q3 23,Ernamkulam_KV1_300x250,Ernamkulam,18925,,73,,,,,,
2023-10-18,Vi-DSP,Amz Pay Q3 23,Amz Pay Q3 23,Ernamkulam_KV1_320x480,Ernamkulam,4562,,106,,,,,,
2023-10-18,Vi-DSP,Amz Pay Q3 23,Amz Pay Q3 23,Ernamkulam_KV2_300x250,Ernamkulam,8563,,51,,,,,,
2023-10-18,Vi-DSP,Amz Pay Q3 23,Amz Pay Q3 23,Ernamkulam_KV2_320x480,Ernamkulam,2137,,35,,,,,,
2023-10-18,Vi-DSP,Amz Pay Q3 23,Amz Pay Q3 23,Ernamkulam_KV2_336x280,Ernamkulam,8244,,39,,,,,,
2023-10-18,Vi-DSP,Amz Pay Q3 23,Amz Pay Q3 23,Ernamkulam_KV3_300x250,Ernamkulam,9197,,89,,,,,,
2023-10-18,Vi-DSP,Amz Pay Q3 23,Amz Pay Q3 23,Ernamkulam_KV3_320x480,Ernamkulam,2277,,53,,,,,,
2023-10-18,Vi-DSP,Amz Pay Q3 23,Amz Pay Q3 23,Ernamkulam_KV4_300x250,Ernamkulam,8463,,34,,,,,,
2023-10-18,Vi-DSP,Amz Pay Q3 23,Amz Pay Q3 23,Ernamkulam_KV4_320x480,Ernamkulam,2218,,41,,,,,,
2023-10-18,Vi-DSP,Amz Pay Q3 23,Amz Pay Q3 23,Ernamkulam_KV4_336x280,Ernamkulam,8448,,39,,,,,,
2023-10-18,Vi-DSP,Amz Pay Q3 23,Amz Pay Q3 23,Hyderabad_KV1_300x250,Hyderabad,37658,,128,,,,,,
2023-10-18,Vi-DSP,Amz Pay Q3 23,Amz Pay Q3 23,Hyderabad_KV1_320x480,Hyderabad,7436,,184,,,,,,
2023-10-18,Vi-DSP,Amz Pay Q3 23,Amz Pay Q3 23,Hyderabad_KV2_300x250,Hyderabad,104,,1,,,,,,
2023-10-18,Vi-DSP,Amz Pay Q3 23,Amz Pay Q3 23,Hyderabad_KV2_320x480,Hyderabad,4,,0,,,,,,
2023-10-18,Vi-DSP,Amz Pay Q3 23,Amz Pay Q3 23,Hyderabad_KV2_336x280,Hyderabad,68,,0,,,,,,
2023-10-18,Vi-DSP,Amz Pay Q3 23,Amz Pay Q3 23,Hyderabad_KV3_300x250,Hyderabad,37776,,280,,,,,,
2023-10-18,Vi-DSP,Amz Pay Q3 23,Amz Pay Q3 23,Hyderabad_KV3_320x480,Hyderabad,7135,,355,,,,,,
2023-10-18,Vi-DSP,Amz Pay Q3 23,Amz Pay Q3 23,Hyderabad_KV4_300x250,Hyderabad,74,,3,,,,,,
2023-10-18,Vi-DSP,Amz Pay Q3 23,Amz Pay Q3 23,Hyderabad_KV4_320x480,Hyderabad,5,,0,,,,,,
2023-10-18,Vi-DSP,Amz Pay Q3 23,Amz Pay Q3 23,Hyderabad_KV4_336x280,Hyderabad,54,,2,,,,,,
2023-10-18,Vi-DSP,Amz Pay Q3 23,Amz Pay Q3 23,Jaipur_KV1_300x250,Jaipur,15483,,61,,,,,,
2023-10-18,Vi-DSP,Amz Pay Q3 23,Amz Pay Q3 23,Jaipur_KV1_320x480,Jaipur,2273,,10,,,,,,
2023-10-18,Vi-DSP,Amz Pay Q3 23,Amz Pay Q3 23,Jaipur_KV2_300x250,Jaipur,54,,2,,,,,,
2023-10-18,Vi-DSP,Amz Pay Q3 23,Amz Pay Q3 23,Jaipur_KV2_320x480,Jaipur,4,,0,,,,,,
2023-10-18,Vi-DSP,Amz Pay Q3 23,Amz Pay Q3 23,Jaipur_KV2_336x280,Jaipur,38,,1,,,,,,
2023-10-18,Vi-DSP,Amz Pay Q3 23,Amz Pay Q3 23,Jaipur_KV3_300x250,Jaipur,31207,,154,,,,,,
2023-10-18,Vi-DSP,Amz Pay Q3 23,Amz Pay Q3 23,Jaipur_KV3_320x480,Jaipur,2326,,24,,,,,,
2023-10-18,Vi-DSP,Amz Pay Q3 23,Amz Pay Q3 23,Jaipur_KV4_300x250,Jaipur,50,,2,,,,,,
2023-10-18,Vi-DSP,Amz Pay Q3 23,Amz Pay Q3 23,Jaipur_KV4_320x480,Jaipur,5,,0,,,,,,
2023-10-18,Vi-DSP,Amz Pay Q3 23,Amz Pay Q3 23,Jaipur_KV4_336x280,Jaipur,35,,0,,,,,,
2023-10-18,Vi-DSP,Amz Pay Q3 23,Amz Pay Q3 23,Mumbai_KV1_300x250,Mumbai,77704,,241,,,,,,
2023-10-18,Vi-DSP,Amz Pay Q3 23,Amz Pay Q3 23,Mumbai_KV1_320x480,Mumbai,11552,,119,,,,,,
2023-10-18,Vi-DSP,Amz Pay Q3 23,Amz Pay Q3 23,Mumbai_KV2_300x250,Mumbai,107070,,2534,,,,,,
2023-10-18,Vi-DSP,Amz Pay Q3 23,Amz Pay Q3 23,Mumbai_KV2_320x480,Mumbai,11290,,683,,,,,,
2023-10-18,Vi-DSP,Amz Pay Q3 23,Amz Pay Q3 23,Mumbai_KV2_336x280,Mumbai,68204,,297,,,,,,
2023-10-18,Vi-DSP,Amz Pay Q3 23,Amz Pay Q3 23,Mumbai_KV3_300x250,Mumbai,106773,,433,,,,,,
2023-10-18,Vi-DSP,Amz Pay Q3 23,Amz Pay Q3 23,Mumbai_KV3_320x480,Mumbai,11219,,705,,,,,,
2023-10-18,Vi-DSP,Amz Pay Q3 23,Amz Pay Q3 23,Mumbai_KV4_300x250,Mumbai,102940,,422,,,,,,
2023-10-18,Vi-DSP,Amz Pay Q3 23,Amz Pay Q3 23,Mumbai_KV4_320x480,Mumbai,11104,,665,,,,,,
2023-10-18,Vi-DSP,Amz Pay Q3 23,Amz Pay Q3 23,Mumbai_KV4_336x280,Mumbai,67328,,292,,,,,,
2023-10-18,Vi-DSP,Amz Pay Q3 23,Amz Pay Q3 23,Pune_KV1_300x250,Pune,38015,,128,,,,,,
2023-10-18,Vi-DSP,Amz Pay Q3 23,Amz Pay Q3 23,Pune_KV1_320x480,Pune,9619,,145,,,,,,
2023-10-18,Vi-DSP,Amz Pay Q3 23,Amz Pay Q3 23,Pune_KV2_300x250,Pune,7173,,106,,,,,,
2023-10-18,Vi-DSP,Amz Pay Q3 23,Amz Pay Q3 23,Pune_KV2_320x480,Pune,8444,,181,,,,,,
2023-10-18,Vi-DSP,Amz Pay Q3 23,Amz Pay Q3 23,Pune_KV2_336x280,Pune,12469,,101,,,,,,
2023-10-18,Vi-DSP,Amz Pay Q3 23,Amz Pay Q3 23,Pune_KV3_300x250,Pune,38032,,151,,,,,,
2023-10-18,Vi-DSP,Amz Pay Q3 23,Amz Pay Q3 23,Pune_KV3_320x480,Pune,9780,,263,,,,,,
2023-10-18,Vi-DSP,Amz Pay Q3 23,Amz Pay Q3 23,Pune_KV4_300x250,Pune,5795,,95,,,,,,
2023-10-18,Vi-DSP,Amz Pay Q3 23,Amz Pay Q3 23,Pune_KV4_320x480,Pune,8473,,152,,,,,,
2023-10-18,Vi-DSP,Amz Pay Q3 23,Amz Pay Q3 23,Pune_KV4_336x280,Pune,12630,,101,,,,,,
2023-10-18,Vi-DSP,Amz Pay Q3 23,Amz Pay Q3 23,ROAP+Tel_KV1_300x250,RO AP+Tel,15064,,271,,,,,,
2023-10-18,Vi-DSP,Amz Pay Q3 23,Amz Pay Q3 23,ROAP+Tel_KV1_320x480,RO AP+Tel,14790,,586,,,,,,
2023-10-18,Vi-DSP,Amz Pay Q3 23,Amz Pay Q3 23,ROAP+Tel_KV2_300x250,RO AP+Tel,10020,,258,,,,,,
2023-10-18,Vi-DSP,Amz Pay Q3 23,Amz Pay Q3 23,ROAP+Tel_KV2_320x480,RO AP+Tel,12207,,243,,,,,,
2023-10-18,Vi-DSP,Amz Pay Q3 23,Amz Pay Q3 23,ROAP+Tel_KV2_336x280,RO AP+Tel,18468,,362,,,,,,
2023-10-18,Vi-DSP,Amz Pay Q3 23,Amz Pay Q3 23,ROAP+Tel_KV3_300x250,RO AP+Tel,7838,,147,,,,,,
2023-10-18,Vi-DSP,Amz Pay Q3 23,Amz Pay Q3 23,ROAP+Tel_KV3_320x480,RO AP+Tel,12337,,408,,,,,,
2023-10-18,Vi-DSP,Amz Pay Q3 23,Amz Pay Q3 23,ROAP+Tel_KV4_300x250,RO AP+Tel,18241,,245,,,,,,
2023-10-18,Vi-DSP,Amz Pay Q3 23,Amz Pay Q3 23,ROAP+Tel_KV4_320x480,RO AP+Tel,12319,,433,,,,,,
2023-10-18,Vi-DSP,Amz Pay Q3 23,Amz Pay Q3 23,ROAP+Tel_KV4_336x280,RO AP+Tel,10146,,288,,,,,,
2023-10-18,Vi-DSP,Amz Pay Q3 23,Amz Pay Q3 23,ROKarnataka_KV1_300x250,RKT,46011,,385,,,,,,
2023-10-18,Vi-DSP,Amz Pay Q3 23,Amz Pay Q3 23,ROKarnataka_KV1_320x480,RKT,2900,,16,,,,,,
2023-10-18,Vi-DSP,Amz Pay Q3 23,Amz Pay Q3 23,ROKarnataka_KV2_300x250,RKT,439,,5,,,,,,
2023-10-18,Vi-DSP,Amz Pay Q3 23,Amz Pay Q3 23,ROKarnataka_KV2_320x480,RKT,14,,0,,,,,,
2023-10-18,Vi-DSP,Amz Pay Q3 23,Amz Pay Q3 23,ROKarnataka_KV2_336x280,RKT,214,,1,,,,,,
2023-10-18,Vi-DSP,Amz Pay Q3 23,Amz Pay Q3 23,ROKarnataka_KV3_300x250,RKT,62231,,351,,,,,,
2023-10-18,Vi-DSP,Amz Pay Q3 23,Amz Pay Q3 23,ROKarnataka_KV3_320x480,RKT,1398,,29,,,,,,
2023-10-18,Vi-DSP,Amz Pay Q3 23,Amz Pay Q3 23,ROKarnataka_KV4_300x250,RKT,402,,3,,,,,,
2023-10-18,Vi-DSP,Amz Pay Q3 23,Amz Pay Q3 23,ROKarnataka_KV4_320x480,RKT,17,,0,,,,,,
2023-10-18,Vi-DSP,Amz Pay Q3 23,Amz Pay Q3 23,ROKarnataka_KV4_336x280,RKT,223,,2,,,,,,
2023-10-18,Vi-DSP,Amz Pay Q3 23,Amz Pay Q3 23,ROMAH_KV1_300x250,RMH,108110,,2380,,,,,,
2023-10-18,Vi-DSP,Amz Pay Q3 23,Amz Pay Q3 23,ROMAH_KV1_320x480,RMH,25348,,379,,,,,,
2023-10-18,Vi-DSP,Amz Pay Q3 23,Amz Pay Q3 23,ROMAH_KV2_300x250,RMH,105246,,673,,,,,,
2023-10-18,Vi-DSP,Amz Pay Q3 23,Amz Pay Q3 23,ROMAH_KV2_320x480,RMH,13038,,646,,,,,,
2023-10-18,Vi-DSP,Amz Pay Q3 23,Amz Pay Q3 23,ROMAH_KV2_336x280,RMH,68866,,520,,,,,,
2023-10-18,Vi-DSP,Amz Pay Q3 23,Amz Pay Q3 23,ROMAH_KV3_300x250,RMH,63994,,743,,,,,,
2023-10-18,Vi-DSP,Amz Pay Q3 23,Amz Pay Q3 23,ROMAH_KV3_320x480,RMH,12882,,675,,,,,,
2023-10-18,Vi-DSP,Amz Pay Q3 23,Amz Pay Q3 23,ROMAH_KV4_300x250,RMH,98119,,717,,,,,,
2023-10-18,Vi-DSP,Amz Pay Q3 23,Amz Pay Q3 23,ROMAH_KV4_320x480,RMH,13091,,662,,,,,,
2023-10-18,Vi-DSP,Amz Pay Q3 23,Amz Pay Q3 23,ROMAH_KV4_336x280,RMH,67842,,529,,,,,,
2023-10-18,Vi-DSP,Amz Pay Q3 23,Amz Pay Q3 23,ROTN_KV1_300x250,RTN,26129,,160,,,,,,
2023-10-18,Vi-DSP,Amz Pay Q3 23,Amz Pay Q3 23,ROTN_KV1_320x480,RTN,14918,,284,,,,,,
2023-10-18,Vi-DSP,Amz Pay Q3 23,Amz Pay Q3 23,ROTN_KV2_300x250,RTN,13141,,88,,,,,,
2023-10-18,Vi-DSP,Amz Pay Q3 23,Amz Pay Q3 23,ROTN_KV2_320x480,RTN,6846,,234,,,,,,
2023-10-18,Vi-DSP,Amz Pay Q3 23,Amz Pay Q3 23,ROTN_KV2_336x280,RTN,15270,,100,,,,,,
2023-10-18,Vi-DSP,Amz Pay Q3 23,Amz Pay Q3 23,ROTN_KV3_300x250,RTN,32653,,165,,,,,,
2023-10-18,Vi-DSP,Amz Pay Q3 23,Amz Pay Q3 23,ROTN_KV3_320x480,RTN,7505,,391,,,,,,
2023-10-18,Vi-DSP,Amz Pay Q3 23,Amz Pay Q3 23,ROTN_KV4_300x250,RTN,13225,,93,,,,,,
2023-10-18,Vi-DSP,Amz Pay Q3 23,Amz Pay Q3 23,ROTN_KV4_320x480,RTN,6992,,218,,,,,,
2023-10-18,Vi-DSP,Amz Pay Q3 23,Amz Pay Q3 23,ROTN_KV4_336x280,RTN,15180,,87,,,,,,
2023-10-18,Vi-DSP,Amz Pay Q3 23,Amz Pay Q3 23,Thrissur_KV1_300x250,Thrissur,3856,,9,,,,,,
2023-10-18,Vi-DSP,Amz Pay Q3 23,Amz Pay Q3 23,Thrissur_KV1_320x480,Thrissur,863,,12,,,,,,
2023-10-18,Vi-DSP,Amz Pay Q3 23,Amz Pay Q3 23,Thrissur_KV2_300x250,Thrissur,1418,,15,,,,,,
2023-10-18,Vi-DSP,Amz Pay Q3 23,Amz Pay Q3 23,Thrissur_KV2_320x480,Thrissur,311,,14,,,,,,
2023-10-18,Vi-DSP,Amz Pay Q3 23,Amz Pay Q3 23,Thrissur_KV2_336x280,Thrissur,1512,,20,,,,,,
2023-10-18,Vi-DSP,Amz Pay Q3 23,Amz Pay Q3 23,Thrissur_KV3_300x250,Thrissur,1898,,16,,,,,,
2023-10-18,Vi-DSP,Amz Pay Q3 23,Amz Pay Q3 23,Thrissur_KV3_320x480,Thrissur,400,,23,,,,,,
2023-10-18,Vi-DSP,Amz Pay Q3 23,Amz Pay Q3 23,Thrissur_KV4_300x250,Thrissur,1524,,3,,,,,,
2023-10-18,Vi-DSP,Amz Pay Q3 23,Amz Pay Q3 23,Thrissur_KV4_320x480,Thrissur,300,,17,,,,,,
2023-10-18,Vi-DSP,Amz Pay Q3 23,Amz Pay Q3 23,Thrissur_KV4_336x280,Thrissur,1612,,20,,,,,,
2023-10-18,Vi-DSP,Amz Pay Q3 23,Amz Pay Q3 23,Tiruvanthapuram_KV1_300x250,Tiruvanthapuram,9210,,72,,,,,,
2023-10-18,Vi-DSP,Amz Pay Q3 23,Amz Pay Q3 23,Tiruvanthapuram_KV1_320x480,Tiruvanthapuram,5158,,105,,,,,,
2023-10-18,Vi-DSP,Amz Pay Q3 23,Amz Pay Q3 23,Tiruvanthapuram_KV2_300x250,Tiruvanthapuram,2446,,38,,,,,,
2023-10-18,Vi-DSP,Amz Pay Q3 23,Amz Pay Q3 23,Tiruvanthapuram_KV2_320x480,Tiruvanthapuram,1796,,49,,,,,,
2023-10-18,Vi-DSP,Amz Pay Q3 23,Amz Pay Q3 23,Tiruvanthapuram_KV2_336x280,Tiruvanthapuram,2959,,61,,,,,,
2023-10-18,Vi-DSP,Amz Pay Q3 23,Amz Pay Q3 23,Tiruvanthapuram_KV3_300x250,Tiruvanthapuram,4495,,92,,,,,,
2023-10-18,Vi-DSP,Amz Pay Q3 23,Amz Pay Q3 23,Tiruvanthapuram_KV3_320x480,Tiruvanthapuram,2501,,62,,,,,,
2023-10-18,Vi-DSP,Amz Pay Q3 23,Amz Pay Q3 23,Tiruvanthapuram_KV4_300x250,Tiruvanthapuram,2385,,40,,,,,,
2023-10-18,Vi-DSP,Amz Pay Q3 23,Amz Pay Q3 23,Tiruvanthapuram_KV4_320x480,Tiruvanthapuram,1855,,50,,,,,,
2023-10-18,Vi-DSP,Amz Pay Q3 23,Amz Pay Q3 23,Tiruvanthapuram_KV4_336x280,Tiruvanthapuram,2866,,64,,,,,,
2023-10-18,Vi-DSP,Amz Pay Q3 23,Amz Pay Q3 23,WB_KV1_300x250,WB,40517,,338,,,,,,
2023-10-18,Vi-DSP,Amz Pay Q3 23,Amz Pay Q3 23,WB_KV1_320x480,WB,24243,,448,,,,,,
2023-10-18,Vi-DSP,Amz Pay Q3 23,Amz Pay Q3 23,WB_KV2_300x250,WB,80780,,585,,,,,,
2023-10-18,Vi-DSP,Amz Pay Q3 23,Amz Pay Q3 23,WB_KV2_320x480,WB,24456,,915,,,,,,
2023-10-18,Vi-DSP,Amz Pay Q3 23,Amz Pay Q3 23,WB_KV2_336x280,WB,73054,,637,,,,,,
2023-10-18,Vi-DSP,Amz Pay Q3 23,Amz Pay Q3 23,WB_KV3_300x250,WB,80420,,641,,,,,,
2023-10-18,Vi-DSP,Amz Pay Q3 23,Amz Pay Q3 23,WB_KV3_320x480,WB,24097,,788,,,,,,
2023-10-18,Vi-DSP,Amz Pay Q3 23,Amz Pay Q3 23,WB_KV4_300x250,WB,60615,,636,,,,,,
2023-10-18,Vi-DSP,Amz Pay Q3 23,Amz Pay Q3 23,WB_KV4_320x480,WB,24269,,1761,,,,,,
2023-10-18,Vi-DSP,Amz Pay Q3 23,Amz Pay Q3 23,WB_KV4_336x280,WB,72861,,674,,,,,,
2023-10-19,Vi-DSP,Amz Pay Q3 23,Amz Pay Q3 23,Ahmedbad_KV1_300x250,Ahmedabad,10849,,30,,,,,,
2023-10-19,Vi-DSP,Amz Pay Q3 23,Amz Pay Q3 23,Ahmedbad_KV1_320x480,Ahmedabad,3705,,143,,,,,,
2023-10-19,Vi-DSP,Amz Pay Q3 23,Amz Pay Q3 23,Ahmedbad_KV2_300x250,Ahmedabad,10892,,54,,,,,,
2023-10-19,Vi-DSP,Amz Pay Q3 23,Amz Pay Q3 23,Ahmedbad_KV2_320x480,Ahmedabad,3877,,281,,,,,,
2023-10-19,Vi-DSP,Amz Pay Q3 23,Amz Pay Q3 23,Ahmedbad_KV2_336x280,Ahmedabad,6635,,27,,,,,,
2023-10-19,Vi-DSP,Amz Pay Q3 23,Amz Pay Q3 23,Ahmedbad_KV3_300x250,Ahmedabad,10828,,53,,,,,,
2023-10-19,Vi-DSP,Amz Pay Q3 23,Amz Pay Q3 23,Ahmedbad_KV3_320x480,Ahmedabad,3768,,315,,,,,,
2023-10-19,Vi-DSP,Amz Pay Q3 23,Amz Pay Q3 23,Ahmedbad_KV4_300x250,Ahmedabad,11034,,44,,,,,,
2023-10-19,Vi-DSP,Amz Pay Q3 23,Amz Pay Q3 23,Ahmedbad_KV4_320x480,Ahmedabad,3759,,270,,,,,,
2023-10-19,Vi-DSP,Amz Pay Q3 23,Amz Pay Q3 23,Ahmedbad_KV4_336x280,Ahmedabad,6562,,38,,,,,,
2023-10-19,Vi-DSP,Amz Pay Q3 23,Amz Pay Q3 23,Bangalore_KV1_300x250,Bangalore,30287,,88,,,,,,
2023-10-19,Vi-DSP,Amz Pay Q3 23,Amz Pay Q3 23,Bangalore_KV1_320x480,Bangalore,5271,,139,,,,,,
2023-10-19,Vi-DSP,Amz Pay Q3 23,Amz Pay Q3 23,Bangalore_KV2_300x250,Bangalore,30281,,123,,,,,,
2023-10-19,Vi-DSP,Amz Pay Q3 23,Amz Pay Q3 23,Bangalore_KV2_320x480,Bangalore,5130,,157,,,,,,
2023-10-19,Vi-DSP,Amz Pay Q3 23,Amz Pay Q3 23,Bangalore_KV2_336x280,Bangalore,20243,,121,,,,,,
2023-10-19,Vi-DSP,Amz Pay Q3 23,Amz Pay Q3 23,Bangalore_KV3_300x250,Bangalore,30486,,125,,,,,,
2023-10-19,Vi-DSP,Amz Pay Q3 23,Amz Pay Q3 23,Bangalore_KV3_320x480,Bangalore,5204,,188,,,,,,
2023-10-19,Vi-DSP,Amz Pay Q3 23,Amz Pay Q3 23,Bangalore_KV4_300x250,Bangalore,30210,,135,,,,,,
2023-10-19,Vi-DSP,Amz Pay Q3 23,Amz Pay Q3 23,Bangalore_KV4_320x480,Bangalore,5152,,182,,,,,,
2023-10-19,Vi-DSP,Amz Pay Q3 23,Amz Pay Q3 23,Bangalore_KV4_336x280,Bangalore,20408,,106,,,,,,
2023-10-19,Vi-DSP,Amz Pay Q3 23,Amz Pay Q3 23,Chennai_KV1_300x250,Chennai,28957,,58,,,,,,
2023-10-19,Vi-DSP,Amz Pay Q3 23,Amz Pay Q3 23,Chennai_KV1_320x480,Chennai,6128,,184,,,,,,
2023-10-19,Vi-DSP,Amz Pay Q3 23,Amz Pay Q3 23,Chennai_KV2_300x250,Chennai,14732,,41,,,,,,
2023-10-19,Vi-DSP,Amz Pay Q3 23,Amz Pay Q3 23,Chennai_KV2_320x480,Chennai,3098,,116,,,,,,
2023-10-19,Vi-DSP,Amz Pay Q3 23,Amz Pay Q3 23,Chennai_KV2_336x280,Chennai,13273,,83,,,,,,
2023-10-19,Vi-DSP,Amz Pay Q3 23,Amz Pay Q3 23,Chennai_KV3_300x250,Chennai,14602,,48,,,,,,
2023-10-19,Vi-DSP,Amz Pay Q3 23,Amz Pay Q3 23,Chennai_KV3_320x480,Chennai,4237,,295,,,,,,
2023-10-19,Vi-DSP,Amz Pay Q3 23,Amz Pay Q3 23,Chennai_KV4_300x250,Chennai,15642,,37,,,,,,
2023-10-19,Vi-DSP,Amz Pay Q3 23,Amz Pay Q3 23,Chennai_KV4_320x480,Chennai,3101,,139,,,,,,
2023-10-19,Vi-DSP,Amz Pay Q3 23,Amz Pay Q3 23,Chennai_KV4_336x280,Chennai,13378,,98,,,,,,
2023-10-19,Vi-DSP,Amz Pay Q3 23,Amz Pay Q3 23,Coimbatore_KV1_300x250,Coimbatore,4871,,26,,,,,,
2023-10-19,Vi-DSP,Amz Pay Q3 23,Amz Pay Q3 23,Coimbatore_KV1_320x480,Coimbatore,794,,4,,,,,,
2023-10-19,Vi-DSP,Amz Pay Q3 23,Amz Pay Q3 23,Coimbatore_KV2_300x250,Coimbatore,2508,,15,,,,,,
2023-10-19,Vi-DSP,Amz Pay Q3 23,Amz Pay Q3 23,Coimbatore_KV2_320x480,Coimbatore,396,,17,,,,,,
2023-10-19,Vi-DSP,Amz Pay Q3 23,Amz Pay Q3 23,Coimbatore_KV2_336x280,Coimbatore,4000,,29,,,,,,
2023-10-19,Vi-DSP,Amz Pay Q3 23,Amz Pay Q3 23,Coimbatore_KV3_300x250,Coimbatore,2489,,11,,,,,,
2023-10-19,Vi-DSP,Amz Pay Q3 23,Amz Pay Q3 23,Coimbatore_KV3_320x480,Coimbatore,381,,18,,,,,,
2023-10-19,Vi-DSP,Amz Pay Q3 23,Amz Pay Q3 23,Coimbatore_KV4_300x250,Coimbatore,2431,,13,,,,,,
2023-10-19,Vi-DSP,Amz Pay Q3 23,Amz Pay Q3 23,Coimbatore_KV4_320x480,Coimbatore,419,,15,,,,,,
2023-10-19,Vi-DSP,Amz Pay Q3 23,Amz Pay Q3 23,Coimbatore_KV4_336x280,Coimbatore,3924,,31,,,,,,
2023-10-19,Vi-DSP,Amz Pay Q3 23,Amz Pay Q3 23,DelhiNCR_KV1_300x250,Delhi NCR,24320,,65,,,,,,
2023-10-19,Vi-DSP,Amz Pay Q3 23,Amz Pay Q3 23,DelhiNCR_KV1_320x480,Delhi NCR,2127,,7,,,,,,
2023-10-19,Vi-DSP,Amz Pay Q3 23,Amz Pay Q3 23,DelhiNCR_KV2_300x250,Delhi NCR,21051,,67,,,,,,
2023-10-19,Vi-DSP,Amz Pay Q3 23,Amz Pay Q3 23,DelhiNCR_KV2_320x480,Delhi NCR,1210,,34,,,,,,
2023-10-19,Vi-DSP,Amz Pay Q3 23,Amz Pay Q3 23,DelhiNCR_KV2_336x280,Delhi NCR,16032,,88,,,,,,
2023-10-19,Vi-DSP,Amz Pay Q3 23,Amz Pay Q3 23,DelhiNCR_KV3_300x250,Delhi NCR,34094,,103,,,,,,
2023-10-19,Vi-DSP,Amz Pay Q3 23,Amz Pay Q3 23,DelhiNCR_KV3_320x480,Delhi NCR,2091,,38,,,,,,
2023-10-19,Vi-DSP,Amz Pay Q3 23,Amz Pay Q3 23,DelhiNCR_KV4_300x250,Delhi NCR,53306,,122,,,,,,
2023-10-19,Vi-DSP,Amz Pay Q3 23,Amz Pay Q3 23,DelhiNCR_KV4_320x480,Delhi NCR,1989,,44,,,,,,
2023-10-19,Vi-DSP,Amz Pay Q3 23,Amz Pay Q3 23,DelhiNCR_KV4_336x280,Delhi NCR,51718,,155,,,,,,
2023-10-19,Vi-DSP,Amz Pay Q3 23,Amz Pay Q3 23,Ernamkulam_KV1_300x250,Ernamkulam,10788,,131,,,,,,
2023-10-19,Vi-DSP,Amz Pay Q3 23,Amz Pay Q3 23,Ernamkulam_KV1_320x480,Ernamkulam,8144,,246,,,,,,
2023-10-19,Vi-DSP,Amz Pay Q3 23,Amz Pay Q3 23,Ernamkulam_KV2_300x250,Ernamkulam,5855,,77,,,,,,
2023-10-19,Vi-DSP,Amz Pay Q3 23,Amz Pay Q3 23,Ernamkulam_KV2_320x480,Ernamkulam,4121,,115,,,,,,
2023-10-19,Vi-DSP,Amz Pay Q3 23,Amz Pay Q3 23,Ernamkulam_KV2_336x280,Ernamkulam,3650,,52,,,,,,
2023-10-19,Vi-DSP,Amz Pay Q3 23,Amz Pay Q3 23,Ernamkulam_KV3_300x250,Ernamkulam,15641,,72,,,,,,
2023-10-19,Vi-DSP,Amz Pay Q3 23,Amz Pay Q3 23,Ernamkulam_KV3_320x480,Ernamkulam,4129,,90,,,,,,
2023-10-19,Vi-DSP,Amz Pay Q3 23,Amz Pay Q3 23,Ernamkulam_KV4_300x250,Ernamkulam,15853,,75,,,,,,
2023-10-19,Vi-DSP,Amz Pay Q3 23,Amz Pay Q3 23,Ernamkulam_KV4_320x480,Ernamkulam,4040,,91,,,,,,
2023-10-19,Vi-DSP,Amz Pay Q3 23,Amz Pay Q3 23,Ernamkulam_KV4_336x280,Ernamkulam,13904,,54,,,,,,
2023-10-19,Vi-DSP,Amz Pay Q3 23,Amz Pay Q3 23,Hyderabad_KV1_300x250,Hyderabad,28999,,108,,,,,,
2023-10-19,Vi-DSP,Amz Pay Q3 23,Amz Pay Q3 23,Hyderabad_KV1_320x480,Hyderabad,11859,,412,,,,,,
2023-10-19,Vi-DSP,Amz Pay Q3 23,Amz Pay Q3 23,Hyderabad_KV3_300x250,Hyderabad,28899,,118,,,,,,
2023-10-19,Vi-DSP,Amz Pay Q3 23,Amz Pay Q3 23,Hyderabad_KV3_320x480,Hyderabad,11815,,565,,,,,,
2023-10-19,Vi-DSP,Amz Pay Q3 23,Amz Pay Q3 23,Jaipur_KV1_300x250,Jaipur,7306,,17,,,,,,
2023-10-19,Vi-DSP,Amz Pay Q3 23,Amz Pay Q3 23,Jaipur_KV1_320x480,Jaipur,459,,0,,,,,,
2023-10-19,Vi-DSP,Amz Pay Q3 23,Amz Pay Q3 23,Jaipur_KV3_300x250,Jaipur,7304,,30,,,,,,
2023-10-19,Vi-DSP,Amz Pay Q3 23,Amz Pay Q3 23,Jaipur_KV3_320x480,Jaipur,516,,4,,,,,,
2023-10-19,Vi-DSP,Amz Pay Q3 23,Amz Pay Q3 23,Lucknow_KV1_300x250,Lucknow,7895,,58,,,,,,
2023-10-19,Vi-DSP,Amz Pay Q3 23,Amz Pay Q3 23,Lucknow_KV1_320x480,Lucknow,1908,,84,,,,,,
2023-10-19,Vi-DSP,Amz Pay Q3 23,Amz Pay Q3 23,Lucknow_KV2_300x250,Lucknow,8040,,39,,,,,,
2023-10-19,Vi-DSP,Amz Pay Q3 23,Amz Pay Q3 23,Lucknow_KV2_320x480,Lucknow,1923,,92,,,,,,
2023-10-19,Vi-DSP,Amz Pay Q3 23,Amz Pay Q3 23,Lucknow_KV3_300x250,Lucknow,7910,,36,,,,,,
2023-10-19,Vi-DSP,Amz Pay Q3 23,Amz Pay Q3 23,Lucknow_KV3_320x480,Lucknow,1921,,86,,,,,,
2023-10-19,Vi-DSP,Amz Pay Q3 23,Amz Pay Q3 23,Lucknow_KV4_300x250,Lucknow,7937,,56,,,,,,
2023-10-19,Vi-DSP,Amz Pay Q3 23,Amz Pay Q3 23,Lucknow_KV4_320x480,Lucknow,1897,,93,,,,,,
2023-10-19,Vi-DSP,Amz Pay Q3 23,Amz Pay Q3 23,Mumbai_KV1_300x250,Mumbai,55948,,132,,,,,,
2023-10-19,Vi-DSP,Amz Pay Q3 23,Amz Pay Q3 23,Mumbai_KV1_320x480,Mumbai,9378,,194,,,,,,
2023-10-19,Vi-DSP,Amz Pay Q3 23,Amz Pay Q3 23,Mumbai_KV2_300x250,Mumbai,55356,,200,,,,,,
2023-10-19,Vi-DSP,Amz Pay Q3 23,Amz Pay Q3 23,Mumbai_KV2_320x480,Mumbai,9279,,421,,,,,,
2023-10-19,Vi-DSP,Amz Pay Q3 23,Amz Pay Q3 23,Mumbai_KV2_336x280,Mumbai,30545,,126,,,,,,
2023-10-19,Vi-DSP,Amz Pay Q3 23,Amz Pay Q3 23,Mumbai_KV3_300x250,Mumbai,55666,,193,,,,,,
2023-10-19,Vi-DSP,Amz Pay Q3 23,Amz Pay Q3 23,Mumbai_KV3_320x480,Mumbai,9206,,338,,,,,,
2023-10-19,Vi-DSP,Amz Pay Q3 23,Amz Pay Q3 23,Mumbai_KV4_300x250,Mumbai,53067,,216,,,,,,
2023-10-19,Vi-DSP,Amz Pay Q3 23,Amz Pay Q3 23,Mumbai_KV4_320x480,Mumbai,9111,,309,,,,,,
2023-10-19,Vi-DSP,Amz Pay Q3 23,Amz Pay Q3 23,Mumbai_KV4_336x280,Mumbai,30778,,131,,,,,,
2023-10-19,Vi-DSP,Amz Pay Q3 23,Amz Pay Q3 23,Pune_KV1_300x250,Pune,21021,,146,,,,,,
2023-10-19,Vi-DSP,Amz Pay Q3 23,Amz Pay Q3 23,Pune_KV1_320x480,Pune,10150,,272,,,,,,
2023-10-19,Vi-DSP,Amz Pay Q3 23,Amz Pay Q3 23,Pune_KV2_300x250,Pune,10935,,180,,,,,,
2023-10-19,Vi-DSP,Amz Pay Q3 23,Amz Pay Q3 23,Pune_KV2_320x480,Pune,10287,,391,,,,,,
2023-10-19,Vi-DSP,Amz Pay Q3 23,Amz Pay Q3 23,Pune_KV2_336x280,Pune,25333,,211,,,,,,
2023-10-19,Vi-DSP,Amz Pay Q3 23,Amz Pay Q3 23,Pune_KV3_300x250,Pune,30880,,169,,,,,,
2023-10-19,Vi-DSP,Amz Pay Q3 23,Amz Pay Q3 23,Pune_KV3_320x480,Pune,10258,,450,,,,,,
2023-10-19,Vi-DSP,Amz Pay Q3 23,Amz Pay Q3 23,Pune_KV4_300x250,Pune,18064,,158,,,,,,
2023-10-19,Vi-DSP,Amz Pay Q3 23,Amz Pay Q3 23,Pune_KV4_320x480,Pune,10005,,479,,,,,,
2023-10-19,Vi-DSP,Amz Pay Q3 23,Amz Pay Q3 23,Pune_KV4_336x280,Pune,25202,,226,,,,,,
2023-10-19,Vi-DSP,Amz Pay Q3 23,Amz Pay Q3 23,ROAP+Tel_KV1_300x250,RO AP+Tel,59766,,168,,,,,,
2023-10-19,Vi-DSP,Amz Pay Q3 23,Amz Pay Q3 23,ROAP+Tel_KV1_320x480,RO AP+Tel,14626,,686,,,,,,
2023-10-19,Vi-DSP,Amz Pay Q3 23,Amz Pay Q3 23,ROAP+Tel_KV2_300x250,RO AP+Tel,29709,,109,,,,,,
2023-10-19,Vi-DSP,Amz Pay Q3 23,Amz Pay Q3 23,ROAP+Tel_KV2_320x480,RO AP+Tel,7330,,503,,,,,,
2023-10-19,Vi-DSP,Amz Pay Q3 23,Amz Pay Q3 23,ROAP+Tel_KV2_336x280,RO AP+Tel,17895,,311,,,,,,
2023-10-19,Vi-DSP,Amz Pay Q3 23,Amz Pay Q3 23,ROAP+Tel_KV3_300x250,RO AP+Tel,29889,,122,,,,,,
2023-10-19,Vi-DSP,Amz Pay Q3 23,Amz Pay Q3 23,ROAP+Tel_KV3_320x480,RO AP+Tel,7360,,508,,,,,,
2023-10-19,Vi-DSP,Amz Pay Q3 23,Amz Pay Q3 23,ROAP+Tel_KV4_300x250,RO AP+Tel,30299,,116,,,,,,
2023-10-19,Vi-DSP,Amz Pay Q3 23,Amz Pay Q3 23,ROAP+Tel_KV4_320x480,RO AP+Tel,7147,,475,,,,,,
2023-10-19,Vi-DSP,Amz Pay Q3 23,Amz Pay Q3 23,ROAP+Tel_KV4_336x280,RO AP+Tel,17674,,311,,,,,,
2023-10-19,Vi-DSP,Amz Pay Q3 23,Amz Pay Q3 23,ROKarnataka_KV1_300x250,RKT,17125,,35,,,,,,
2023-10-19,Vi-DSP,Amz Pay Q3 23,Amz Pay Q3 23,ROKarnataka_KV1_320x480,RKT,529,,0,,,,,,
2023-10-19,Vi-DSP,Amz Pay Q3 23,Amz Pay Q3 23,ROKarnataka_KV3_300x250,RKT,8322,,46,,,,,,
2023-10-19,Vi-DSP,Amz Pay Q3 23,Amz Pay Q3 23,ROKarnataka_KV3_320x480,RKT,268,,3,,,,,,
2023-10-19,Vi-DSP,Amz Pay Q3 23,Amz Pay Q3 23,ROMAH_KV1_300x250,RMH,105846,,804,,,,,,
2023-10-19,Vi-DSP,Amz Pay Q3 23,Amz Pay Q3 23,ROMAH_KV1_320x480,RMH,36630,,806,,,,,,
2023-10-19,Vi-DSP,Amz Pay Q3 23,Amz Pay Q3 23,ROMAH_KV2_300x250,RMH,103444,,597,,,,,,
2023-10-19,Vi-DSP,Amz Pay Q3 23,Amz Pay Q3 23,ROMAH_KV2_320x480,RMH,18888,,1263,,,,,,
2023-10-19,Vi-DSP,Amz Pay Q3 23,Amz Pay Q3 23,ROMAH_KV2_336x280,RMH,71786,,438,,,,,,
2023-10-19,Vi-DSP,Amz Pay Q3 23,Amz Pay Q3 23,ROMAH_KV3_300x250,RMH,101868,,584,,,,,,
2023-10-19,Vi-DSP,Amz Pay Q3 23,Amz Pay Q3 23,ROMAH_KV3_320x480,RMH,19123,,1254,,,,,,
2023-10-19,Vi-DSP,Amz Pay Q3 23,Amz Pay Q3 23,ROMAH_KV4_300x250,RMH,105035,,625,,,,,,
2023-10-19,Vi-DSP,Amz Pay Q3 23,Amz Pay Q3 23,ROMAH_KV4_320x480,RMH,18582,,1400,,,,,,
2023-10-19,Vi-DSP,Amz Pay Q3 23,Amz Pay Q3 23,ROMAH_KV4_336x280,RMH,71950,,361,,,,,,
2023-10-19,Vi-DSP,Amz Pay Q3 23,Amz Pay Q3 23,ROTN_KV1_300x250,RTN,12263,,172,,,,,,
2023-10-19,Vi-DSP,Amz Pay Q3 23,Amz Pay Q3 23,ROTN_KV1_320x480,RTN,15288,,435,,,,,,
2023-10-19,Vi-DSP,Amz Pay Q3 23,Amz Pay Q3 23,ROTN_KV2_300x250,RTN,15756,,131,,,,,,
2023-10-19,Vi-DSP,Amz Pay Q3 23,Amz Pay Q3 23,ROTN_KV2_320x480,RTN,7702,,615,,,,,,
2023-10-19,Vi-DSP,Amz Pay Q3 23,Amz Pay Q3 23,ROTN_KV2_336x280,RTN,22646,,137,,,,,,
2023-10-19,Vi-DSP,Amz Pay Q3 23,Amz Pay Q3 23,ROTN_KV3_300x250,RTN,25782,,135,,,,,,
2023-10-19,Vi-DSP,Amz Pay Q3 23,Amz Pay Q3 23,ROTN_KV3_320x480,RTN,7555,,616,,,,,,
2023-10-19,Vi-DSP,Amz Pay Q3 23,Amz Pay Q3 23,ROTN_KV4_300x250,RTN,17674,,141,,,,,,
2023-10-19,Vi-DSP,Amz Pay Q3 23,Amz Pay Q3 23,ROTN_KV4_320x480,RTN,7368,,615,,,,,,
2023-10-19,Vi-DSP,Amz Pay Q3 23,Amz Pay Q3 23,ROTN_KV4_336x280,RTN,13099,,132,,,,,,
2023-10-19,Vi-DSP,Amz Pay Q3 23,Amz Pay Q3 23,Thrissur_KV1_300x250,Thrissur,5613,,24,,,,,,
2023-10-19,Vi-DSP,Amz Pay Q3 23,Amz Pay Q3 23,Thrissur_KV1_320x480,Thrissur,1020,,25,,,,,,
2023-10-19,Vi-DSP,Amz Pay Q3 23,Amz Pay Q3 23,Thrissur_KV2_300x250,Thrissur,2310,,13,,,,,,
2023-10-19,Vi-DSP,Amz Pay Q3 23,Amz Pay Q3 23,Thrissur_KV2_320x480,Thrissur,545,,14,,,,,,
2023-10-19,Vi-DSP,Amz Pay Q3 23,Amz Pay Q3 23,Thrissur_KV2_336x280,Thrissur,2255,,19,,,,,,
2023-10-19,Vi-DSP,Amz Pay Q3 23,Amz Pay Q3 23,Thrissur_KV3_300x250,Thrissur,2409,,10,,,,,,
2023-10-19,Vi-DSP,Amz Pay Q3 23,Amz Pay Q3 23,Thrissur_KV3_320x480,Thrissur,533,,20,,,,,,
2023-10-19,Vi-DSP,Amz Pay Q3 23,Amz Pay Q3 23,Thrissur_KV4_300x250,Thrissur,4461,,5,,,,,,
2023-10-19,Vi-DSP,Amz Pay Q3 23,Amz Pay Q3 23,Thrissur_KV4_320x480,Thrissur,529,,26,,,,,,
2023-10-19,Vi-DSP,Amz Pay Q3 23,Amz Pay Q3 23,Thrissur_KV4_336x280,Thrissur,3249,,25,,,,,,
2023-10-19,Vi-DSP,Amz Pay Q3 23,Amz Pay Q3 23,Tiruvanthapuram_KV1_300x250,Tiruvanthapuram,6561,,22,,,,,,
2023-10-19,Vi-DSP,Amz Pay Q3 23,Amz Pay Q3 23,Tiruvanthapuram_KV1_320x480,Tiruvanthapuram,5147,,79,,,,,,
2023-10-19,Vi-DSP,Amz Pay Q3 23,Amz Pay Q3 23,Tiruvanthapuram_KV2_300x250,Tiruvanthapuram,5070,,79,,,,,,
2023-10-19,Vi-DSP,Amz Pay Q3 23,Amz Pay Q3 23,Tiruvanthapuram_KV2_320x480,Tiruvanthapuram,2541,,38,,,,,,
2023-10-19,Vi-DSP,Amz Pay Q3 23,Amz Pay Q3 23,Tiruvanthapuram_KV2_336x280,Tiruvanthapuram,4499,,78,,,,,,
2023-10-19,Vi-DSP,Amz Pay Q3 23,Amz Pay Q3 23,Tiruvanthapuram_KV3_300x250,Tiruvanthapuram,5155,,82,,,,,,
2023-10-19,Vi-DSP,Amz Pay Q3 23,Amz Pay Q3 23,Tiruvanthapuram_KV3_320x480,Tiruvanthapuram,2575,,47,,,,,,
2023-10-19,Vi-DSP,Amz Pay Q3 23,Amz Pay Q3 23,Tiruvanthapuram_KV4_300x250,Tiruvanthapuram,6293,,97,,,,,,
2023-10-19,Vi-DSP,Amz Pay Q3 23,Amz Pay Q3 23,Tiruvanthapuram_KV4_320x480,Tiruvanthapuram,2576,,37,,,,,,
2023-10-19,Vi-DSP,Amz Pay Q3 23,Amz Pay Q3 23,Tiruvanthapuram_KV4_336x280,Tiruvanthapuram,7514,,81,,,,,,
2023-10-19,Vi-DSP,Amz Pay Q3 23,Amz Pay Q3 23,WB_KV1_300x250,WB,41722,,301,,,,,,
2023-10-19,Vi-DSP,Amz Pay Q3 23,Amz Pay Q3 23,WB_KV1_320x480,WB,27680,,717,,,,,,
2023-10-19,Vi-DSP,Amz Pay Q3 23,Amz Pay Q3 23,WB_KV2_300x250,WB,41604,,526,,,,,,
2023-10-19,Vi-DSP,Amz Pay Q3 23,Amz Pay Q3 23,WB_KV2_320x480,WB,28070,,1859,,,,,,
2023-10-19,Vi-DSP,Amz Pay Q3 23,Amz Pay Q3 23,WB_KV2_336x280,WB,44144,,550,,,,,,
2023-10-19,Vi-DSP,Amz Pay Q3 23,Amz Pay Q3 23,WB_KV3_300x250,WB,51203,,509,,,,,,
2023-10-19,Vi-DSP,Amz Pay Q3 23,Amz Pay Q3 23,WB_KV3_320x480,WB,27901,,1835,,,,,,
2023-10-19,Vi-DSP,Amz Pay Q3 23,Amz Pay Q3 23,WB_KV4_300x250,WB,41470,,512,,,,,,
2023-10-19,Vi-DSP,Amz Pay Q3 23,Amz Pay Q3 23,WB_KV4_320x480,WB,27791,,1805,,,,,,
2023-10-19,Vi-DSP,Amz Pay Q3 23,Amz Pay Q3 23,WB_KV4_336x280,WB,123560,,567,,,,,,
